Típus;Felépítés;LE;Meghajtás;Ár
Alfa Romeo 145 1.4 T.Spark;3-ajtós;103;elsőkerék;2640000
Alfa Romeo 145 1.4 T.Spark;5-ajtós;103;elsőkerék;2640000
Alfa Romeo 145 1.6 Spark;3-ajtós;120;elsőkerék;2895000
Alfa Romeo 145 1.6 Spark;5-ajtós;120;elsőkerék;2895000
Alfa Romeo 145 1.8 T.Spark;3-ajtós;140;elsőkerék;
Alfa Romeo 145 1.8 T.Spark;5-ajtós;140;elsőkerék;
Alfa Romeo 145 1.9 TD;3-ajtós;90;elsőkerék;3605000
Alfa Romeo 145 1.9 TD;5-ajtós;90;elsőkerék;3605000
Alfa Romeo 145 2.0;3-ajtós;150;elsőkerék;4560000
Alfa Romeo 145 2.0;5-ajtós;150;elsőkerék;4560000
Alfa Romeo 156 1.6 T.Spark;limuzin;120;elsőkerék;4240000
Alfa Romeo 156 1.9 JTD;limuzin;105;elsőkerék;
Alfa Romeo 156 2.0 T.Spark;limuzin;155;elsőkerék;6015000
Alfa Romeo 156 2.4 JTD;limuzin;136;elsőkerék;
Alfa Romeo 156 2.5 V6;limuzin;190;elsőkerék;8120000
Alfa Romeo 158 1.8 T.Spark;limuzin;144;elsőkerék;5475000
Alfa Romeo 164 3.0 V6;limuzin;180;elsőkerék;9820000
Alfa Romeo 164 3.0 V6;limuzin;210;elsőkerék;9820000
Alfa Romeo GTV 2.0 V6 TB;kupé;202;elsőkerék;7100000
Alfa Romeo GTV 3.0 V6 24V;kupé;220;elsőkerék;9300000
Alfa Romeo GTV T.Spark 2.0;kupé;150;elsőkerék;
Alfa Romeo Spider 2.0 TS 16V;kabrió;150;elsőkerék;6750000
Alfa Romeo Spider 3.0 V6;kabrió;192;elsőkerék;
Aston Martin DB7 3.2;kupé;335;hátsókerék;40970000
Aston Martin DB7 Volante 3.2;kabrió;335;hátsókerék;47786000
Aston Martin Projekt Vantage;kupé;330;hátsókerék;97909000
Aston Martin V8 5.3;kupé;350;hátsókerék;77058000
Aston Martin V8 Vantage 5.3;kupé;550;hátsókerék;
Aston Martin V8 Volante 5.3;kabrió;350;hátsókerék;
Audi A3 1.6;3-ajtós;101;elsőkerék;4481000
Audi A3 1.8;3-ajtós;125;elsőkerék;5443000
Audi A3 1.8 T;3-ajtós;150;elsőkerék;5734000
Audi A3 1.9 TDI;3-ajtós;90;elsőkerék;5620000
Audi A3 1.9 TDI;3-ajtós;110;elsőkerék;6013000
Audi A4 1.6;limuzin;101;elsőkerék;6193000
Audi A4 1.8;limuzin;125;elsőkerék;7613000
Audi A4 1.8 T;limuzin;150;elsőkerék;8013000
Audi A4 1.9 TDI;limuzin;90;elsőkerék;7873000
Audi A4 1.9 TDI;limuzin;110;elsőkerék;8325000
Audi A4 2.6;limuzin;150;elsőkerék;7188000
Audi A4 2.8;limuzin;193;elsőkerék;10528000
Audi A4 Avant 1.6;kombi;101;elsőkerék;6161000
Audi A4 Avant 1.8;kombi;125;elsőkerék;8056000
Audi A4 Avant 1.8 T;kombi;150;elsőkerék;8456000
Audi A4 Avant 1.9 TDI;kombi;90;elsőkerék;8290000
Audi A4 Avant 1.9 TDI;kombi;110;elsőkerék;9243000
Audi A4 Avant 2.6;kombi;150;elsőkerék;7635000
Audi A4 Avant 2.8 (30V);kombi;193;elsőkerék;11001000
Audi A4 Avant quattro 1.8;kombi;125;4x4;9068000
Audi A4 Avant quattro 1.8 T;kombi;150;4x4;9468000
Audi A4 Avant quattro 1.9 TDI;kombi;110;4x4;9243000
Audi A4 Avant quattro 2.6;kombi;150;4x4;8649000
Audi A4 Avant quattro 2.8;kombi;193;4x4;11368000
Audi A4 quattro 1.8;limuzin;125;4x4;
Audi A4 quattro 1.8 T;limuzin;150;4x4;8948000
Audi A4 quattro 1.9 TDI;limuzin;110;4x4;8758000
Audi A4 quattro 2.6;limuzin;150;4x4;8128000
Audi A4 quattro 2.8;limuzin;193;4x4;10812000
Audi S4 2.7;limuzin;265;4x4;
Audi S4 Avant 2.7;kombi;265;4x4;
Audi A4 2.4;limuzin;165;elsőkerék;8858000
Audi A4 quattro 2.4;limuzin;165;4x4;9857000
Audi A4 Avant 2.4;kombi;165;elsőkerék;9331000
Audi A4 Avant quattro 2.4;kombi;165;4x4;10413000
Audi A6 1.8 T;limuzin;150;elsőkerék;10172000
Audi A6 2.4;limuzin;165;elsőkerék;11602000
Audi A6 2.8;limuzin;193;elsőkerék;12549000
Audi A6 1.9 TDI;limuzin;110;elsőkerék;
Audi A6 2.5 TDI;limuzin;150;elsőkerék;11395000
Audi A6 quattro 1.8 T;limuzin;150;4x4;11172000
Audi A6 quattro 2.4;limuzin;165;4x4;12671000
Audi A6 quattro 2.8;limuzin;193;4x4;13618000
Audi A6 quattro 1.9 TDI;limuzin;110;4x4;
Audi A8 2.8 (30V);limuzin;193;elsőkerék;17933000
Audi A8 3.7;limuzin;230;elsőkerék;20263000
Audi A8 quattro 2.8 (30V);limuzin;193;4x4;19143000
Audi A8 quattro 3.7;limuzin;230;4x4;21473000
Audi A8 quattro 4.2;limuzin;300;4x4;24251000
Audi A8 2.5 TDI;limuzin;150;elsőkerék;
Audi A8 quattro 2.5 TDI;limuzin;150;4x4;
Audi S8 4.2;limuzin;340;4x4;25023000
Audi Cabrio 1.8;kabrió;125;elsőkerék;
Audi Cabrio 1.9 TDI;kabrió;90;elsőkerék;
Audi Cabrio 2.6;kabrió;150;elsőkerék;
Audi Cabrio 2.8;kabrió;174;elsőkerék;
Bentley Turbo R;limuzin;400;hátsókerék;70352000
Bentley Continental;kupé;385;hátsókerék;94769000
Bentley Continental;kupé;400;hátsókerék;107015000
Bentley Azure;kabrió;385;hátsókerék;105028000
BMW Compact 316i;3-ajtós;102;hátsókerék;4588000
BMW Compact 318tds;3-ajtós;90;hátsókerék;6243000
BMW Compact 318ti;3-ajtós;140;hátsókerék;6752000
BMW Compact 323ti;3-ajtós;170;hátsókerék;8364000
BMW 318i;limuzin;118;hátsókerék;7164000
BMW 320i;limuzin;150;hátsókerék;8524000
BMW 323i;limuzin;170;hátsókerék;9719000
BMW 328i;limuzin;193;hátsókerék;10546000
BMW 320d;limuzin;136;hátsókerék;7650000
BMW 520i;limuzin;150;hátsókerék;10496000
BMW 520i;kombi;150;hátsókerék;11174000
BMW 523i;limuzin;170;hátsókerék;11948000
BMW 523i;kombi;170;hátsókerék;12772000
BMW 525tds;limuzin;143;hátsókerék;10979000
BMW 525tds;kombi;143;hátsókerék;11726000
BMW 528i;limuzin;193;hátsókerék;13093000
BMW 528i;kombi;193;hátsókerék;13800000
BMW 535i;limuzin;235;hátsókerék;15080000
BMW 540i;limuzin;286;hátsókerék;17177000
BMW 540i;kombi;286;hátsókerék;17177000
BMW 725tds;limuzin;143;hátsókerék;15922000
BMW 728i;limuzin;193;hátsókerék;17440000
BMW 728iL;limuzin;193;hátsókerék;19453000
BMW 735i;limuzin;235;hátsókerék;18333000
BMW 735iL;limuzin;235;hátsókerék;20255000
BMW 740i;limuzin;286;hátsókerék;20947000
BMW 740iL;limuzin;286;hátsókerék;23718000
BMW 750i;limuzin;326;hátsókerék;28139000
BMW 750iL;limuzin;326;hátsókerék;31871000
BMW 840Ci;kupé;286;hátsókerék;22275000
BMW 850Ci;kupé;326;hátsókerék;23107000
BMW 850CSi;kupé;380;hátsókerék;28892000
BMW Z3 1.8;roadster;115;hátsókerék;8258000
BMW Z3 1.9;roadster;140;hátsókerék;9079000
BMW Z3 2.8;roadster;192;hátsókerék;11845000
BMW Z3 M roadster;roadster;321;hátsókerék;17265000
Citroen AX 1.0i;3-ajtós;50;elsőkerék;1520000
Citroen AX 1.0i;5-ajtós;50;elsőkerék;1520000
Citroen AX 1.1i;3-ajtós;60;elsőkerék;
Citroen AX 1.1i;5-ajtós;60;elsőkerék;
Citroen AX 1.5 D;3-ajtós;58;elsőkerék;
Citroen AX 1.5 D;5-ajtós;58;elsőkerék;
Citroen Evasion 1.9 TD;minibusz;92;elsőkerék;
Citroen Evasion 2.0 Turbo C.T.;minibusz;150;elsőkerék;8010000
Citroen Evasion 2.0i;minibusz;123;elsőkerék;6680000
Citroen Evasion 2.1 TD;minibusz;110;elsőkerék;7630000
Citroen Saxo 1.0i;3-ajtós;50;elsőkerék;1710000
Citroen Saxo 1.0i;5-ajtós;50;elsőkerék;1770000
Citroen Saxo 1.1i;3-ajtós;60;elsőkerék;1900000
Citroen Saxo 1.1i;5-ajtós;60;elsőkerék;1900000
Citroen Saxo 1.4i;3-ajtós;75;elsőkerék;2140000
Citroen Saxo 1.4i;5-ajtós;75;elsőkerék;2140000
Citroen Saxo 1.5D;3-ajtós;54;elsőkerék;2200000
Citroen Saxo 1.5D;5-ajtós;54;elsőkerék;2310000
Citroen Saxo 1.6i;3-ajtós;88;elsőkerék;
Citroen Saxo 1.6i;3-ajtós;88;elsőkerék;
Citroen Saxo 1.6i;5-ajtós;88;elsőkerék;
Citroen Saxo 1.6i 16V VTS;3-ajtós;118;elsőkerék;3600000
Citroen Xantia 1.6i;5-ajtós;90;elsőkerék;3570000
Citroen Xantia 1.8i;5-ajtós;101;elsőkerék;4250000
Citroen Xantia 1.8i 16V;5-ajtós;110;elsőkerék;4250000
Citroen Xantia 1.9 SD;5-ajtós;75;elsőkerék;3780000
Citroen Xantia 1.9 TD;5-ajtós;90;elsőkerék;4460000
Citroen Xantia 2.0i;5-ajtós;121;elsőkerék;5490000
Citroen Xantia 2.0i 16V Activa;5-ajtós;132;elsőkerék;5490000
Citroen Xantia 2.0i Turbo C.T.;5-ajtós;147;elsőkerék;
Citroen Xantia 2.1 TD;5-ajtós;109;elsőkerék;5720000
Citroen Xantia Break 1.8i;kombi;101;elsőkerék;4670000
Citroen Xantia Break 1.9 TD;kombi;90;elsőkerék;4880000
Citroen Xantia Break 2.0i;kombi;121;elsőkerék;
Citroen Xantia Break 2.0i 16V;kombi;132;elsőkerék;5910000
Citroen Xantia Break 2.0i T;kombi;147;elsőkerék;
Citroen Xantia Break 2.1 TD;kombi;109;elsőkerék;6070000
Citroen XM 2.0i 16V;5-ajtós;132;elsőkerék;
Citroen XM 2.1 TD;5-ajtós;109;elsőkerék;
Citroen XM 2.5 TD;5-ajtós;129;elsőkerék;7910000
Citroen XM Break 2.0i 16V;kombi;132;elsőkerék;
Citroen XM Break 2.1 TD;kombi;109;elsőkerék;
Citroen XM Break Turbo C.T.;kombi;147;elsőkerék;
Citroen XM Break V6;kombi;170;elsőkerék;
Citroen XM Break 2.5 TD;kombi;129;elsőkerék;
Citroen XM Turbo C.T.;5-ajtós;147;elsőkerék;
Citroen XM V6;5-ajtós;170;elsőkerék;10190000
Citroen XM V6 24V;5-ajtós;200;elsőkerék;10490000
Citroen Xsara 1.4i;3-ajtós;75;elsőkerék;2330000
Citroen Xsara 1.4i;5-ajtós;75;elsőkerék;2465000
Citroen Xsara 1.8i;3-ajtós;90;elsőkerék;
Citroen Xsara 1.8i;5-ajtós;90;elsőkerék;
Citroen Xsara 1.8i 16V;3-ajtós;112;elsőkerék;3840000
Citroen Xsara 1.8i 16V;5-ajtós;112;elsőkerék;3840000
Citroen Xsara 2.0i 16V;3-ajtós;167;elsőkerék;5150000
Citroen Xsara 1.9 D;5-ajtós;68;elsőkerék;2860000
Citroen Xsara 1.9 TD;3-ajtós;90;elsőkerék;2860000
Citroen Xsara 1.9 TD;5-ajtós;90;elsőkerék;3300000
Citroen Xsara 1.9 D;3-ajtós;68;elsőkerék;2860000
Citroen Xsara 1.8i Automat;3-ajtós;103;elsőkerék;
Citroen Xsara 1.8i Automat;5-ajtós;103;elsőkerék;
Daewoo Espero 1.8 CD;limuzin;95;elsőkerék;
Daewoo Espero 2.0 CD;limuzin;105;elsőkerék;2799000
Daewoo Espero 1.5;limuzin;90;elsőkerék;2399000
Daewoo Lanos 1.4;limuzin;75;elsőkerék;
Daewoo Lanos 1.5;limuzin;86;elsőkerék;1819000
Daewoo Lanos 1.4;3-ajtós;75;elsőkerék;
Daewoo Lanos 1.5;3-ajtós;86;elsőkerék;1819000
Daewoo Lanos 1.6;3-ajtós;106;elsőkerék;2164000
Daewoo Lanos 1.4;5-ajtós;75;elsőkerék;
Daewoo Lanos 1.5;5-ajtós;86;elsőkerék;1819000
Daewoo Lanos 1.6;5-ajtós;106;elsőkerék;2164000
Daewoo Leganza;limuzin;133;elsőkerék;4159000
Daewoo Nexia 1.5 (75 LE);3-ajtós;75;elsőkerék;1729000
Daewoo Nexia 1.5 (90 LE);3-ajtós;90;elsőkerék;1899000
Daewoo Nexia 1.5 5-d (75 LE);5-ajtós;75;elsőkerék;2029000
Daewoo Nexia 1.5 5-d (90 LE);5-ajtós;90;elsőkerék;
Daewoo Nexia 1.5 sedan (75 LE);limuzin;75;elsőkerék;
Daewoo Nexia 1.5 sedan (90 LE);limuzin;90;elsőkerék;
Daewoo Nubira 1.6;limuzin;106;elsőkerék;2788000
Daewoo Nubira 2.0;limuzin;133;elsőkerék;3325000
Daewoo Nubira 2.0;5-ajtós;133;elsőkerék;3325000
Daewoo Nubira Wagon 1.6;kombi;106;elsőkerék;3049000
Daewoo Nubira Wagon 2.0;kombi;133;elsőkerék;3559000
Polonez Atu Plus 1.4MPI;limuzin;103;hátsókerék;
Polonez Atu Plus 1.6;limuzin;76;hátsókerék;
Polonez Atu Plus 1.9D;limuzin;70;hátsókerék;
Polonez Caro Plus 1.4 MPI;5-ajtós;103;hátsókerék;
Polonez Caro Plus 1.6i;5-ajtós;76;hátsókerék;
Polonez Caro Plus 1.9D;5-ajtós;70;hátsókerék;
Daewoo Tico 800;5-ajtós;41;elsőkerék;1250000
Ferrari 456 GT;kupé;442;hátsókerék;
Ferrari F355 Berlinetta;kupé;380;hátsókerék;
Ferrari F355 GTS;kupé;380;hátsókerék;
Ferrari F355 Spider;kabrió;380;hátsókerék;
Ferrari F50;kabrió;520;hátsókerék;
Ferrari F550 Maranello;kupé;485;hátsókerék;
Fiat 126 Maluch;2-ajtós;24;hátsókerék;
Fiat Cinquecento 700;3-ajtós;30;elsőkerék;1275000
Fiat Cinquecento 900;3-ajtós;40;elsőkerék;1395000
Fiat Cinquecento Sporting 1.1;3-ajtós;55;elsőkerék;1495000
Fiat Seicento 0.9;3-ajtós;40;elsőkerék;1345000
Fiat Seicento 1.1;3-ajtós;55;elsőkerék;1495000
Fiat Siena 1.4;limuzin;71;elsőkerék;
Fiat Siena 1.6;limuzin;103;elsőkerék;
Fiat Uno 1.4ie;5-ajtós;70;elsőkerék;
Fiat Barchetta 1.7 16V;roadster;131;elsőkerék;
Fiat Brava 1.4 12V;5-ajtós;80;elsőkerék;2220000
Fiat Brava 1.6 16V;5-ajtós;103;elsőkerék;2575000
Fiat Brava 1.6 16V;5-ajtós;103;elsőkerék;2575000
Fiat Brava 1.8 16V GT;5-ajtós;113;elsőkerék;3430000
Fiat Brava 1.9 TD (101 LE);5-ajtós;100;elsőkerék;
Fiat Brava 1.9 TD (75 LE);5-ajtós;75;elsőkerék;3680000
Fiat Bravo 1.4 12V;3-ajtós;80;elsőkerék;2095000
Fiat Bravo 1.6 16V;3-ajtós;103;elsőkerék;2445000
Fiat Bravo 1.6 16V;3-ajtós;103;elsőkerék;2445000
Fiat Bravo 1.8 16V GT;3-ajtós;113;elsőkerék;3335000
Fiat Bravo 1.9 TD (101 LE);3-ajtós;100;elsőkerék;
Fiat Bravo 1.9 TD (75 LE);3-ajtós;75;elsőkerék;
Fiat Bravo 2.0 20V HGT;3-ajtós;147;elsőkerék;4295000
Fiat Coupe 1.8 16V;kupé;131;elsőkerék;5170000
Fiat Coupe 2.0 20V;kupé;147;elsőkerék;5795000
Fiat Coupe 2.0 20V;kupé;220;elsőkerék;5795000
Fiat Marea 1.6 16V;limuzin;103;elsőkerék;3245000
Fiat Marea 1.8 16V;limuzin;113;elsőkerék;4155000
Fiat Marea 1.9 TD (100 LE);limuzin;100;elsőkerék;4090000
Fiat Marea 1.9 TD (74 LE);limuzin;75;elsőkerék;4090000
Fiat Marea 2.0 20V;limuzin;147;elsőkerék;4920000
Fiat Marea 2.4 TD;limuzin;124;elsőkerék;
Fiat Marea Weekend 1.6 16V;kombi;103;elsőkerék;3445000
Fiat Marea Weekend 1.8 16V;kombi;113;elsőkerék;4360000
Fiat Marea Weekend 1.9 TD;kombi;100;elsőkerék;4295000
Fiat Marea Weekend 1.9 TD (75 LE);kombi;75;elsőkerék;
Fiat Marea Weekend 2.0 20V;kombi;147;elsőkerék;
Fiat Marea Weekend 2.4 TD;kombi;124;elsőkerék;
Fiat Palio 1.0;3-ajtós;61;elsőkerék;
Fiat Palio 1.5;3-ajtós;76;elsőkerék;
Fiat Palio 1.6 16V;3-ajtós;106;elsőkerék;
Fiat Palio Turbo Diesel;3-ajtós;72;elsőkerék;
Fiat Palio Weekend 1.6 16V;kombi;106;elsőkerék;
Fiat Panda 0.9;3-ajtós;39;elsőkerék;
Fiat Panda 1.1;3-ajtós;54;elsőkerék;
Fiat Panda 1.1;3-ajtós;54;4x4;
Fiat Punto 1.1;3-ajtós;55;elsőkerék;1720000
Fiat Punto 1.1 55;5-ajtós;55;elsőkerék;2020000
Fiat Punto 1.2 60;3-ajtós;60;elsőkerék;1975000
Fiat Punto 1.2 60;5-ajtós;60;elsőkerék;1975000
Fiat Punto 1.2 75;3-ajtós;74;elsőkerék;2180000
Fiat Punto 1.2 75;5-ajtós;74;elsőkerék;2180000
Fiat Punto 1.4 GT;3-ajtós;133;elsőkerék;3210000
Fiat Punto 1.6 90;3-ajtós;88;elsőkerék;2295000
Fiat Punto 1.6 90;5-ajtós;88;elsőkerék;2295000
Fiat Punto 1.6 90;3-ajtós;88;elsőkerék;2295000
Fiat Punto 1.7 TD;3-ajtós;70;elsőkerék;2585000
Fiat Punto 1.7 TD;5-ajtós;70;elsőkerék;2585000
Fiat Punto Cabrio 1.2 85;kabrió;85;elsőkerék;3495000
Fiat Punto Cabrio 1.6;kabrió;88;elsőkerék;3495000
Fiat Punto 1.2 85;3-ajtós;85;elsőkerék;3495000
Fiat Punto 1.2 85;5-ajtós;85;elsőkerék;3495000
Fiat Ulysse 1.8;5-ajtós;99;elsőkerék;
Fiat Ulysse 1.9 TD;5-ajtós;90;elsőkerék;6370000
Fiat Ulysse 2.0;5-ajtós;121;elsőkerék;5285000
Fiat Ulysse 2.0 T;5-ajtós;147;elsőkerék;7610000
Fiat Ulysse 2.1 12V;5-ajtós;109;elsőkerék;
Ford Escort 1.3 i Flair;limuzin;60;elsőkerék;1999000
Ford Escort 1.3 i Flair;5-ajtós;60;elsőkerék;1999000
Ford Escort 1.3 i Flair Turnier;kombi;60;elsőkerék;
Ford Escort 1.4 i Flair;limuzin;75;elsőkerék;
Ford Escort 1.4 i Flair;5-ajtós;75;elsőkerék;
Ford Escort 1.4 i Flair Turnier;kombi;75;elsőkerék;
Ford Escort 1.6 16V Flair Cabrio;kabrió;90;elsőkerék;
Ford Escort 1.6 16V Turnier;kombi;90;elsőkerék;
Ford Escort 1.6 i  16V Flair;limuzin;90;elsőkerék;
Ford Escort 1.6 i  16V Flair;3-ajtós;90;elsőkerék;
Ford Escort 1.6 i  16V Flair;5-ajtós;90;elsőkerék;
Ford Escort 1.6 i  16V Flair;5-ajtós;90;4x4;
Ford Escort 1.8 16V Flair;limuzin;115;elsőkerék;
Ford Escort 1.8 16V Flair;3-ajtós;115;elsőkerék;
Ford Escort 1.8 16V Flair;5-ajtós;115;elsőkerék;
Ford Escort 1.8 D Flair;limuzin;60;elsőkerék;
Ford Escort 1.8 D Flair;3-ajtós;60;elsőkerék;
Ford Escort 1.8 D Flair;5-ajtós;60;elsőkerék;
Ford Escort 1.8 D Flair Turnier;kombi;60;elsőkerék;
Ford Escort 1.8 i 16V Flair Turnier;kombi;115;elsőkerék;
Ford Escort 1.8 TD Flair (70 LE);limuzin;70;elsőkerék;
Ford Escort 1.8 TD Flair (70 LE);3-ajtós;70;elsőkerék;
Ford Escort 1.8 TD Flair (70 LE);5-ajtós;70;elsőkerék;
Ford Escort 1.8 TD Flair (90 LE);limuzin;90;elsőkerék;
Ford Escort 1.8 TD Flair Cabrio;kabrió;90;elsőkerék;
Ford Escort 1.8 TD Turnier;kombi;70;elsőkerék;
Ford Escort 1.8 TD Turnier;kombi;90;elsőkerék;
Ford Escort 1.8i  16V Cabrio;kabrió;115;elsőkerék;
Ford Fiesta 1.1 i Classic;3-ajtós;50;elsőkerék;
Ford Fiesta 1.25 i 16V Flair;3-ajtós;75;elsőkerék;
Ford Fiesta 1.25 i 16V Flair;5-ajtós;75;elsőkerék;
Ford Fiesta 1.3 Focus;3-ajtós;50;elsőkerék;1899000
Ford Fiesta 1.3 Focus;5-ajtós;50;elsőkerék;1899000
Ford Fiesta 1.3 Focus (60 LE);3-ajtós;60;elsőkerék;1899000
Ford Fiesta 1.3 Focus (60 LE);5-ajtós;60;elsőkerék;1899000
Ford Fiesta 1.3 i Classic;3-ajtós;60;elsőkerék;
Ford Fiesta 1.4 i 16V Fun;3-ajtós;90;elsőkerék;2549000
Ford Fiesta 1.8 D Classic;3-ajtós;60;elsőkerék;
Ford Fiesta 1.8 D Classic;5-ajtós;60;elsőkerék;
Ford Fiesta 1.8 D Focus;3-ajtós;60;elsőkerék;2349000
Ford Fiesta 1.8 D Focus;5-ajtós;60;elsőkerék;2349000
Ford Galaxy 1.9 TDI;minibusz;90;elsőkerék;6899000
Ford Galaxy 2.0;minibusz;115;elsőkerék;6899000
Ford Galaxy 2.8;minibusz;174;elsőkerék;8499000
Ford Galaxy 2.3;minibusz;145;elsőkerék;7899000
Ford Galaxy 2.8 4x4;minibusz;174;4x4;
Ford Ka 1.3;3-ajtós;60;elsőkerék;1979000
Ford Ka 1.3;3-ajtós;50;elsőkerék;1979000
Ford Maverick 2.4 12V;terepjáró;116;4x4;
Ford Maverick 2.4 12V;terepjáró;118;4x4;
Ford Maverick 2.7 TD;terepjáró;125;4x4;
Ford Maverick 2.7 TD;terepjáró;125;4x4;
Ford Mondeo 1.6 i;limuzin;90;elsőkerék;4079000
Ford Mondeo 1.6 i;5-ajtós;90;elsőkerék;4079000
Ford Mondeo 1.6 i Turnier;kombi;90;elsőkerék;4079000
Ford Mondeo 1.8 i;limuzin;115;elsőkerék;4349000
Ford Mondeo 1.8 i;5-ajtós;115;elsőkerék;4349000
Ford Mondeo 1.8 i Turnier;kombi;115;elsőkerék;4349000
Ford Mondeo 1.8 TD;limuzin;90;elsőkerék;4549000
Ford Mondeo 1.8 TD;5-ajtós;90;elsőkerék;4549000
Ford Mondeo 1.8 TD i Turnier;kombi;90;elsőkerék;4549000
Ford Mondeo 2.0 i;limuzin;130;elsőkerék;4849000
Ford Mondeo 2.0 i;5-ajtós;130;elsőkerék;4849000
Ford Mondeo 2.0 i Turnier;kombi;130;elsőkerék;4849000
Ford Mondeo 24 V;limuzin;170;elsőkerék;
Ford Mondeo 24 V;5-ajtós;170;elsőkerék;
Ford Mondeo 24 V Turnier;kombi;170;elsőkerék;
Ford Probe 2,0;kupé;115;elsőkerék;
Ford Probe 24 V;kupé;163;elsőkerék;
Ford Puma 1.7;kupé;125;elsőkerék;
Ford Scorpio 2.0;limuzin;115;hátsókerék;5654987
Ford Scorpio 2.0;kombi;115;hátsókerék;6119644
Ford Scorpio 2.3 16 V;limuzin;147;hátsókerék;6599000
Ford Scorpio 2.3 16 V;kombi;147;hátsókerék;6599000
Ford Scorpio 2.5 TD;limuzin;115;hátsókerék;6599000
Ford Scorpio 2.5 TD;kombi;115;hátsókerék;6599000
Ford Scorpio 2.9 V6 24V;limuzin;207;hátsókerék;10617238
Ford Scorpio 2.9 V6 24V;kombi;207;hátsókerék;10617238
Ford Cougar 2.0 16V;kupé;131;elsőkerék;
Ford Cougar 2.5 V6;kupé;170;elsőkerék;
Jaguar XJ8;limuzin;237;hátsókerék;15290000
Jaguar XJ8 Executive;limuzin;284;hátsókerék;16076000
Jaguar XJR8;limuzin;363;hátsókerék;
Jaguar XK 8 4.0;kupé;284;hátsókerék;19934000
Jaguar XK 8 Convertible;kabrió;284;hátsókerék;22483000
Lada 110 1.5;limuzin;69;elsőkerék;1690000
Lada 110 Gti;limuzin;150;elsőkerék;
Lada 116 2.0;limuzin;110;elsőkerék;
Lada Niva 1.7;terepjáró;80;4x4;1990000
Lada Niva 1.9 D;terepjáró;64;4x4;
Lada Samara 1.1;3-ajtós;53;elsőkerék;
Lada Samara 1.1;5-ajtós;53;elsőkerék;
Lada Samara 1.3;3-ajtós;67;elsőkerék;
Lada Forma 1.3;limuzin;67;elsőkerék;
Lada Samara 1.3;5-ajtós;67;elsőkerék;
Lada Samara 1.3;kabrió;67;elsőkerék;
Lada Samara 1.5;3-ajtós;71;elsőkerék;1530000
Lada Forma 1.5;limuzin;71;elsőkerék;
Lada Samara 1.5;5-ajtós;71;elsőkerék;1530000
Lamborghini Diablo;kupé;492;hátsókerék;
Lamborghini Diablo VT;kupé;492;4x4;
Lamborghini Diablo SV-SVR;kupé;500;hátsókerék;
Lamborghini Diablo Roadster VT;roadster;492;4x4;
Lancia Dedra 1.6;limuzin;90;elsőkerék;3290000
Lancia Dedra 1.8;limuzin;113;elsőkerék;
Lancia Dedra 1.8;limuzin;131;elsőkerék;
Lancia Dedra 1.9 TDs;limuzin;90;elsőkerék;
Lancia Dedra Station Wagon 1.6;kombi;90;elsőkerék;
Lancia Dedra Station Wagon 1.8;kombi;113;elsőkerék;
Lancia Dedra Station Wagon 1.8;kombi;131;elsőkerék;
Lancia Dedra Station Wagon 1.9 TD;kombi;90;elsőkerék;
Lancia Delta 1.6 16V;limuzin;103;elsőkerék;3095000
Lancia Delta 1.6 16V;5-ajtós;103;elsőkerék;3095000
Lancia Delta 1.8 16V (113 LE);limuzin;113;elsőkerék;
Lancia Delta 1.8 16V (131 LE);limuzin;131;elsőkerék;
Lancia Delta 1.8 16V (131 LE);3-ajtós;131;elsőkerék;
Lancia Delta 1.8 16V (131 LE);5-ajtós;131;elsőkerék;
Lancia Delta 1.9 TD;limuzin;90;elsőkerék;
Lancia Delta 1.9 TD;3-ajtós;90;elsőkerék;
Lancia Delta 1.9 TD;5-ajtós;90;elsőkerék;
Lancia Delta 2.0 16V T;limuzin;186;elsőkerék;
Lancia Delta 2.0 16V T;3-ajtós;186;elsőkerék;
Lancia Kappa 2.0 16 VT;limuzin;205;elsőkerék;6795000
Lancia Kappa 2.0 16 VT;kombi;205;elsőkerék;6795000
Lancia Kappa 2.0 16 VT;kupé;205;elsőkerék;6795000
Lancia Kappa 2.0 20 V;limuzin;155;elsőkerék;6795000
Lancia Kappa 2.0 20 V;kombi;155;elsőkerék;6795000
Lancia Kappa 2.0 20 V;kupé;155;elsőkerék;6795000
Lancia Kappa 2.4 20 V;limuzin;175;elsőkerék;7270000
Lancia Kappa 2.4 20 V;kombi;175;elsőkerék;7270000
Lancia Kappa 2.4 TD;limuzin;124;elsőkerék;6895000
Lancia Kappa 2.4 TD;kombi;124;elsőkerék;6895000
Lancia Kappa 3.0 24 V;limuzin;204;elsőkerék;10365000
Lancia Kappa 3.0 24 V;kupé;204;elsőkerék;10365000
Lancia Kappa 3.0 24 V;kombi;204;elsőkerék;10365000
Lancia Ypsilon 1.1 Elefantino;3-ajtós;54;elsőkerék;1955000
Lancia Ypsilon 1.4;3-ajtós;80;elsőkerék;
Lancia Ypsilon 1.2 16V;3-ajtós;86;elsőkerék;2055000
Lancia 1.2 16V;3-ajtós;60;elsőkerék;
Lancia Zeta 2.0 T;minibusz;147;elsőkerék;
Lancia Zeta 2.1 12 V TD;minibusz;109;elsőkerék;
Land Rover Defender 90 TDi;terepjáró;113;4x4;7035000
Land Rover Defender 110 TDi;terepjáró;113;4x4;8027000
Land Rover Defender 130 TDi;terepjáró;113;4x4;5855354
Land Rover Discovery 2.0 16V;terepjáró;136;4x4;
Land Rover Discovery 2.5 TD;terepjáró;113;4x4;8195000
Land Rover Discovery 3.9 V8;terepjáró;182;4x4;8918000
Land Rover FreeLander 1.8i;terepjáró;120;4x4;5699000
Land Rover FreeLander 2.0di;terepjáró;97;4x4;6894000
Range Rover 2.5 TD;terepjáró;136;4x4;18582000
Range Rover 4.0 V8;terepjáró;190;4x4;19329000
Range Rover 4.6 V8;terepjáró;226;4x4;23504000
Lotus Elise 1.8 16 V;roadster;120;hátsókerék;
Lotus Esprit GT3;kupé;244;hátsókerék;
Lotus Esprit V8;kupé;354;hátsókerék;
Maserati Ghibli 2.0 V 6 24 V;kupé;306;hátsókerék;13490000
Maserati Ghibli 2.8 V 6 24 V;kupé;284;hátsókerék;15490000
Maserti Quattroporte 2.0 V 6;limuzin;306;hátsókerék;17990000
Maserti Quattroporte 2.8 V 6;limuzin;284;hátsókerék;19990000
Maserti Quattroporte 3.2 V 8;limuzin;336;hátsókerék;22990000
McLaren;kupé;627;hátsókerék;
Mercedes A 140;minibusz;82;elsőkerék;4181000
Mercedes A 160;minibusz;102;elsőkerék;4448000
Mercedes A 160 TD;minibusz;60;elsőkerék;
Mercedes A 170 TD;minibusz;90;elsőkerék;
Mercedes C 180 1.8;limuzin;122;hátsókerék;7436000
Mercedes C 180 1.8 T;kombi;122;hátsókerék;7236000
Mercedes C 200 2.0;limuzin;136;hátsókerék;8603000
Mercedes C 200 2.0 T;kombi;136;hátsókerék;8603000
Mercedes C 220 D 2.2;limuzin;95;hátsókerék;
Mercedes C 220 D 2.2 T;kombi;95;hátsókerék;
Mercedes C 230 K;kombi;193;hátsókerék;10205000
Mercedes C 230 T K;limuzin;193;hátsókerék;10205000
Mercedes C 250 TD;limuzin;150;hátsókerék;
Mercedes C 250 TD T;kombi;150;hátsókerék;
Mercedes C 280 K 2.8;limuzin;197;hátsókerék;10863100
Mercedes C 43;limuzin;306;hátsókerék;20935000
Mercedes C 43T;kombi;306;hátsókerék;20935000
Mercedes C 240;limuzin;170;hátsókerék;10043000
Mercedes C 240T;kombi;170;hátsókerék;11045000
Mercedes C 280 K 2.8 T;kombi;197;hátsókerék;
Mercedes CLK 200;kupé;136;hátsókerék;9957000
Mercedes CLK 230 Kompressor;kupé;193;hátsókerék;12031000
Mercedes CLK 320;kupé;224;hátsókerék;14700000
Mercedes E 200;limuzin;136;hátsókerék;9780000
Mercedes E 200 T;kombi;136;hátsókerék;11176000
Mercedes E 220 D;limuzin;95;hátsókerék;9780000
Mercedes E 280;limuzin;204;hátsókerék;12997000
Mercedes E 280 T;kombi;204;hátsókerék;15520000
Mercedes E 290 TD;limuzin;129;hátsókerék;11737000
Mercedes E 290 TD T;kombi;129;hátsókerék;11737000
Mercedes E 300 D;limuzin;136;hátsókerék;
Mercedes E 300 TD T;kombi;177;hátsókerék;13040000
Mercedes E 320;limuzin;224;hátsókerék;14868000
Mercedes E 320 T;kombi;224;hátsókerék;15813000
Mercedes E 430;limuzin;279;hátsókerék;18525000
Mercedes E 430 T;kombi;279;hátsókerék;19470000
Mercedes E 55;limuzin;354;hátsókerék;26726000
Mercedes E 55 T;kombi;354;hátsókerék;27990000
Mercedes E 240;limuzin;170;hátsókerék;11947000
Mercedes E 240 T;kombi;170;hátsókerék;12892000
Mercedes G 3.0 TD;terepjáró;177;4x4;
Mercedes G 3.0 TD;terepjáró;177;4x4;
Mercedes G  3.2;terepjáró;211;4x4;
Mercedes G 3.2;terepjáró;211;4x4;
Mercedes G 3.0 TD;terepjáró;177;4x4;
Mercedes G 3.2;terepjáró;211;4x4;
Mercedes ML 320;terepjáró;218;4x4;15416000
Mercedes Maybach;limuzin;;hátsókerék;
Mercedes S 280 2.8;limuzin;193;hátsókerék;15568750
Mercedes S 300 3.0 TD;limuzin;177;hátsókerék;17675000
Mercedes S 320 3.2;limuzin;231;hátsókerék;20051000
Mercedes S 320 3.2;limuzin;231;hátsókerék;20051000
Mercedes S 420 4.2;kupé;279;hátsókerék;23533000
Mercedes S 420 4.2;limuzin;279;hátsókerék;23533000
Mercedes S 500 5.0;kupé;320;hátsókerék;25806000
Mercedes S 500 5.0;limuzin;320;hátsókerék;25806000
Mercedes S 600 6.0;kupé;394;hátsókerék;37650000
Mercedes S 600 6.0;limuzin;394;hátsókerék;37650000
Mercedes SL 280 2.8;roadster;193;hátsókerék;22350000
Mercedes SL 320 3.2;roadster;231;hátsókerék;24363000
Mercedes SL 500 5.0;roadster;320;hátsókerék;30486000
Mercedes SL 60 AMG 6.0;roadster;381;hátsókerék;
Mercedes SL 600 6.0;roadster;394;hátsókerék;38007500
Mercedes SLK 200 2.0;roadster;136;hátsókerék;9681000
Mercedes SLK 230 K 2.3;roadster;193;hátsókerék;11740000
Opel Astra 1.4 (60 LE);3-ajtós;60;elsőkerék;2767000
Opel Astra 1.4 (60 LE);5-ajtós;60;elsőkerék;2767000
Opel Astra 1.4 (60 LE);limuzin;60;elsőkerék;2767000
Opel Astra 1.4 (60 LE);kombi;60;elsőkerék;2767000
Opel Astra 1.6;3-ajtós;75;elsőkerék;2654000
Opel Astra 1.6;5-ajtós;75;elsőkerék;2654000
Opel Astra 1.6;limuzin;75;elsőkerék;2654000
Opel Astra 1.6;kombi;75;elsőkerék;2654000
Opel Astra 1.4 16V;3-ajtós;90;elsőkerék;2767000
Opel Astra 1.4 16V;5-ajtós;90;elsőkerék;2767000
Opel Astra 1.4 16V;limuzin;90;elsőkerék;2767000
Opel Astra 1.4 16V;kombi;90;elsőkerék;2767000
Opel Astra 1.4 16V;kabrió;90;elsőkerék;2767000
Opel Astra 1.6 16V;3-ajtós;101;elsőkerék;2654000
Opel Astra 1.6 16V;5-ajtós;101;elsőkerék;2654000
Opel Astra 1.6 16V;limuzin;101;elsőkerék;2654000
Opel Astra 1.6 16V;kombi;101;elsőkerék;2654000
Opel Astra B 1.2 16V;3-ajtós;65;elsőkerék;
Opel Astra B 1.6;3-ajtós;75;elsőkerék;
Opel Astra B 1.6 16V;3-ajtós;100;elsőkerék;
Opel Astra B 1.8 16V;3-ajtós;115;elsőkerék;
Opel Astra B 2.0 16V;3-ajtós;136;elsőkerék;
Opel Astra B 1.7 TD;3-ajtós;68;elsőkerék;
Opel Astra B 2.0 DI 16V;3-ajtós;82;elsőkerék;
Opel Astra B 1.2 16V;5-ajtós;65;elsőkerék;
Opel Astra B 1.6;5-ajtós;75;elsőkerék;
Opel Astra B 1.6 16V;5-ajtós;100;elsőkerék;
Opel Astra B 1.8 16V;5-ajtós;115;elsőkerék;
Opel Astra B 2.0 16V;5-ajtós;136;elsőkerék;
Opel Astra B 1.7 TD;5-ajtós;68;elsőkerék;
Opel Astra B 2.0 DI 16V;5-ajtós;82;elsőkerék;
Opel Astra B 1.6;kabrió;75;elsőkerék;
Opel Astra B 1.8 16V;kabrió;116;elsőkerék;
Opel Astra B 1.2 16V;kombi;65;elsőkerék;
Opel Astra B 1.6;kombi;75;elsőkerék;
Opel Astra B 1.6 16V;kombi;100;elsőkerék;
Opel Astra B 1.8 16V;kombi;115;elsőkerék;
Opel Astra B 2.0 16V;kombi;136;elsőkerék;
Opel Astra B 1.7 TD;kombi;68;elsőkerék;
Opel Astra B 2.0 DI 16V;kombi;82;elsőkerék;
Opel Corsa 1.0 12V;3-ajtós;54;elsőkerék;1823000
Opel Corsa 1.0 12V;5-ajtós;54;elsőkerék;1823000
Opel Corsa 1.2;3-ajtós;45;elsőkerék;
Opel Corsa 1.2;5-ajtós;45;elsőkerék;
Opel Corsa 1.4;3-ajtós;60;elsőkerék;2058000
Opel Corsa 1.4;5-ajtós;60;elsőkerék;2058000
Opel Corsa 1.4 16V;3-ajtós;90;elsőkerék;2058000
Opel Corsa 1.4 16V;5-ajtós;90;elsőkerék;2058000
Opel Corsa 1.5 TD;3-ajtós;67;elsőkerék;2616000
Opel Corsa 1.5 TD;5-ajtós;67;elsőkerék;2616000
Opel Corsa 1.6 16V;3-ajtós;106;elsőkerék;
Opel Corsa 1.6 16V;5-ajtós;106;elsőkerék;
Opel Corsa 1.7 D;3-ajtós;60;elsőkerék;2408000
Opel Corsa 1.7 D;5-ajtós;60;elsőkerék;2408000
Opel Frontera 2.0;terepjáró;116;4x4;5799000
Opel Frontera 2.2 16V;terepjáró;136;4x4;7102000
Opel Frontera 2.5 TD;terepjáró;116;4x4;7823000
Opel Frontera 2.5 TD;terepjáró;116;4x4;7823000
Opel Monterey 3.1 TD;terepjáró;114;4x4;10797000
Opel Monterey 3.1 TD;terepjáró;114;4x4;10797000
Opel Monterey 3.2 V6 24V;terepjáró;177;4x4;10618000
Opel Monterey 3.2 V6 24V;terepjáró;177;4x4;10618000
Opel Omega 2.0;limuzin;116;hátsókerék;6477000
Opel Omega 2.0;kombi;116;hátsókerék;6477000
Opel Omega 2.0 16V;limuzin;136;hátsókerék;6980000
Opel Omega 2.0 16V;kombi;136;hátsókerék;6980000
Opel Omega 2.5 TD;limuzin;131;hátsókerék;8074000
Opel Omega 2.5 TD;kombi;131;hátsókerék;8074000
Opel Omega 2.5 V6 24V;limuzin;170;hátsókerék;8074000
Opel Omega 2.5 V6 24V;kombi;170;hátsókerék;8074000
Opel Omega 3.0 V6 24V;limuzin;211;hátsókerék;11164000
Opel Omega 3.0 V6 24V;kombi;211;hátsókerék;11164000
Opel Sintra 2.2 16V;minibusz;141;elsőkerék;8226000
Opel Sintra 3.0 V6 24V;minibusz;201;elsőkerék;10787000
Opel Tigra 1.4 16V;kupé;90;elsőkerék;3072000
Opel Tigra 1.6 16V;kupé;106;elsőkerék;3704000
Opel Vectra 1.6;limuzin;75;elsőkerék;3767000
Opel Vectra 1.6;5-ajtós;75;elsőkerék;3767000
Opel Vectra 1.6;kombi;75;elsőkerék;3767000
Opel Vectra 1.6 16V;limuzin;101;elsőkerék;3767000
Opel Vectra 1.6 16V;5-ajtós;101;elsőkerék;3767000
Opel Vectra 1.6 16V;kombi;101;elsőkerék;3767000
Opel Vectra 1.8 16V;limuzin;116;elsőkerék;4905000
Opel Vectra 1.8 16V;5-ajtós;116;elsőkerék;4905000
Opel Vectra 1.8 16V;kombi;116;elsőkerék;4905000
Opel Vectra 2.0 16V;limuzin;136;elsőkerék;4516000
Opel Vectra 2.0 16V;5-ajtós;136;elsőkerék;4516000
Opel Vectra 2.0 16V;kombi;136;elsőkerék;4516000
Opel Vectra 2.0 TD 16V;limuzin;82;elsőkerék;4516000
Opel Vectra 2.0 TD 16V;5-ajtós;82;elsőkerék;4516000
Opel Vectra 2.0 TD 16V;kombi;82;elsőkerék;4516000
Opel Vectra 2.5 V6 24V;limuzin;170;elsőkerék;8485000
Opel Vectra 2.5 V6 24V;5-ajtós;170;elsőkerék;8485000
Opel Vectra 2.5 V6 24V;kombi;170;elsőkerék;8485000
Peugeot 106 1.0;3-ajtós;45;elsőkerék;1799000
Peugeot 106 1.0;5-ajtós;45;elsőkerék;1799000
Peugeot 106 1.1;3-ajtós;60;elsőkerék;1885000
Peugeot 106 1.1;5-ajtós;60;elsőkerék;1945000
Peugeot 106 1.4;5-ajtós;75;elsőkerék;
Peugeot 106 1.4;3-ajtós;75;elsőkerék;
Peugeot 106 1.5 D;3-ajtós;57;elsőkerék;2320000
Peugeot 106 1.5 D;5-ajtós;57;elsőkerék;2320000
Peugeot 106 1.6 (101 LE);3-ajtós;101;elsőkerék;
Peugeot 106 1.6 (101 LE);5-ajtós;101;elsőkerék;
Peugeot 106 1.6 (88 LE);3-ajtós;88;elsőkerék;
Peugeot 106 1.6 (88 LE);5-ajtós;88;elsőkerék;
Peugeot 106 S16;3-ajtós;118;elsőkerék;3500000
Peugeot 306 1.4;3-ajtós;75;elsőkerék;2435000
Peugeot 306 1.4;5-ajtós;75;elsőkerék;2435000
Peugeot 306 1.4;limuzin;75;elsőkerék;2435000
Peugeot 306 1.4 Break;kombi;75;elsőkerék;2645000
Peugeot 306 1.6;3-ajtós;88;elsőkerék;2945000
Peugeot 306 1.6;5-ajtós;88;elsőkerék;2945000
Peugeot 306 1.6;limuzin;88;elsőkerék;2725000
Peugeot 306 1.6;kabrió;88;elsőkerék;2725000
Peugeot 306 1.8;3-ajtós;101;elsőkerék;
Peugeot 306 1.8;5-ajtós;101;elsőkerék;
Peugeot 306 1.8;limuzin;101;elsőkerék;
Peugeot 306 1.8 16V;3-ajtós;110;elsőkerék;
Peugeot 306 1.8 16V;5-ajtós;110;elsőkerék;
Peugeot 306 1.8 16V;limuzin;110;elsőkerék;
Peugeot 306 1.8 Break;kombi;101;elsőkerék;
Peugeot 306 1.9 D;3-ajtós;69;elsőkerék;2965000
Peugeot 306 1.9 D;limuzin;69;elsőkerék;2965000
Peugeot 306 1.9 TD;3-ajtós;90;elsőkerék;2965000
Peugeot 306 1.9 TD;limuzin;90;elsőkerék;2965000
Peugeot 306 2.0 16V (133 LE);3-ajtós;133;elsőkerék;5600000
Peugeot 306 2.0 16V (133 LE);5-ajtós;133;elsőkerék;5600000
Peugeot 306 2.0 16V (133 LE);limuzin;133;elsőkerék;5600000
Peugeot 306 2.0 16V (133 LE);kombi;133;elsőkerék;5600000
Peugeot 306 2.0 16V (163 LE);3-ajtós;163;elsőkerék;5600000
Peugeot 306 2.0 16V (163 LE);limuzin;163;elsőkerék;5600000
Peugeot 306 1.8;3-ajtós;101;elsőkerék;5000000
Peugeot 306 2.0 16V (133 LE);3-ajtós;133;elsőkerék;5600000
Peugeot 406 1.8 16V;limuzin;110;elsőkerék;4380000
Peugeot 406 1.8 16V;kombi;110;elsőkerék;4380000
Peugeot 406 1.9 TD;limuzin;90;elsőkerék;4520000
Peugeot 406 1.9 TD;kombi;90;elsőkerék;4520000
Peugeot 406 2.0;limuzin;147;elsőkerék;5920000
Peugeot 406 2.0;kombi;147;elsőkerék;5920000
Peugeot 406 2.0 16V;limuzin;132;elsőkerék;5920000
Peugeot 406 2.0 16V;kombi;132;elsőkerék;5920000
Peugeot 406 2.0 16V Coupe;kupé;132;elsőkerék;5920000
Peugeot 406 2.1 TD 12V;limuzin;109;elsőkerék;5590000
Peugeot 406 2.1 TD 12V;kombi;109;elsőkerék;5590000
Peugeot 406 2.9 V6 24V;limuzin;190;elsőkerék;9250000
Peugeot 406 2.9 V6 24V;kombi;190;elsőkerék;9250000
Peugeot 406 3.0 V6 24V Coupe;kupé;190;elsőkerék;10800000
Peugeot 605 2.0;limuzin;147;elsőkerék;
Peugeot 605 2.0 16V;limuzin;132;elsőkerék;
Peugeot 605 2.1 TD 12V;limuzin;109;elsőkerék;6600000
Peugeot 605 2.4 TD 12V;limuzin;129;elsőkerék;6600000
Peugeot 605 3.0 24V;limuzin;200;elsőkerék;9990000
Peugeot 605 3.0 V6;limuzin;167;elsőkerék;9990000
Peugeot 806 1.9 TD;minibusz;90;elsőkerék;6480000
Peugeot 806 2.0;minibusz;121;elsőkerék;6300000
Peugeot 806 2.0 T;minibusz;147;elsőkerék;7460000
Peugeot 806 2.1 TD 12V;minibusz;109;elsőkerék;7670000
Porsche 911 Carrera 3.6;kupé;285;hátsókerék;22389000
Porsche 911 Carrera 4 3.6;kupé;285;hátsókerék;22389000
Porsche 911 Carrera 4 Cabrio;kabrió;285;hátsókerék;28897000
Porsche 911 Carrera 4S 3.6;kupé;285;hátsókerék;24347000
Porsche 911 Carrera Cabrio;kabrió;285;hátsókerék;25284000
Porsche 911 Targa 3.6;targa;285;hátsókerék;24347000
Porsche 911 Turbo 3.6;kupé;408;hátsókerék;36492000
Porsche 911 Carrera;kupé;300;hátsókerék;
Porsche Boxster 2.5;roadster;204;hátsókerék;13299000
Renault Clio II 1.1;3-ajtós;43;elsőkerék;1782300
Renault Clio II 1.4;3-ajtós;55;elsőkerék;2420000
Renault Clio II 1.6;3-ajtós;66;elsőkerék;
Renault Clio II 1.6 16V;3-ajtós;79;elsőkerék;
Renault Clio II 1.9 D;3-ajtós;47;elsőkerék;2420000
Renault Clio II 1.1;5-ajtós;43;elsőkerék;1782300
Renault Clio II 1.4;5-ajtós;55;elsőkerék;2420000
Renault Clio II 1.6;5-ajtós;66;elsőkerék;
Renault Clio II 1.6 16V;5-ajtós;79;elsőkerék;
Renault Clio II 1.9 D;5-ajtós;47;elsőkerék;2420000
Renault Espace 2.0;minibusz;114;elsőkerék;8310000
Renault Espace 2.2 TD 12V;minibusz;113;elsőkerék;8798000
Renault Espace 3.0 V6;minibusz;167;elsőkerék;
Renault Laguna 1.8;5-ajtós;90;elsőkerék;3591800
Renault Laguna 1.8;kombi;90;elsőkerék;3591800
Renault Laguna 1.9 16V;5-ajtós;139;elsőkerék;4615000
Renault Laguna 1.9 16V;kombi;139;elsőkerék;4615000
Renault Laguna 2.0;5-ajtós;114;elsőkerék;5380000
Renault Laguna 2.0;kombi;114;elsőkerék;5380000
Renault Laguna 2.2 D 12V;5-ajtós;83;elsőkerék;4422500
Renault Laguna 2.2 D 12V;kombi;83;elsőkerék;4422500
Renault Laguna 2.2 TD 12V;5-ajtós;113;elsőkerék;4422500
Renault Laguna 2.2 TD 12V;kombi;113;elsőkerék;4422500
Renault Laguna 2.9 V6 24V;5-ajtós;190;elsőkerék;
Renault Laguna 2.9 V6 24V;kombi;190;elsőkerék;
Renault Laguna 3.0 V6;5-ajtós;167;elsőkerék;6818000
Renault Laguna 3.0 V6;kombi;167;elsőkerék;6818000
Renault Kangoo 1.2;kombi;60;elsőkerék;2515000
Renault Kangoo 1.4;kombi;75;elsőkerék;2810000
Renault Kangoo 1.9 D;kombi;65;elsőkerék;2955000
Renault Megane 1.4;5-ajtós;75;elsőkerék;2290000
Renault Megane 1.6 (75 LE);5-ajtós;75;elsőkerék;2850000
Renault Megane 1.6 (90 LE);5-ajtós;90;elsőkerék;2850000
Renault Megane 1.6 Coupe;kupé;90;elsőkerék;3638000
Renault Megane 1.9 D;5-ajtós;64;elsőkerék;3540000
Renault Megane 1.9 TD;5-ajtós;98;elsőkerék;
Renault Megane 2.0;5-ajtós;114;elsőkerék;3360000
Renault Megane 2.0 16V Coupe;kupé;150;elsőkerék;5803000
Renault Megane 2.0 Coupe;kupé;114;elsőkerék;5803000
Renault Megane 1.6 Cabrio;kabrió;90;elsőkerék;
Renault Megane 2.0 16V Cabrio;kabrió;150;elsőkerék;
Renault Megane Classic 1.6 (75 LE);limuzin;75;elsőkerék;3621000
Renault Megane Classic 1.6 (90 LE);limuzin;90;elsőkerék;3621000
Renault Megane Classic 1.9 D;limuzin;64;elsőkerék;3540000
Renault Megane Classic 1.9 TD;limuzin;90;elsőkerék;3540000
Renault Megane Classic 2.0;limuzin;114;elsőkerék;3565000
Renault Megane Classic 1.9 TDi;limuzin;98;elsőkerék;3985000
Renault Megane Scenic 1.4;minibusz;75;elsőkerék;3290000
Renault Megane Scenic 1.6 (75 LE);minibusz;75;elsőkerék;3938000
Renault Megane Scenic 1.6 (90 LE);minibusz;90;elsőkerék;3938000
Renault Megane Scenic 1.9 TD;minibusz;94;elsőkerék;4857000
Renault Megane Scenic 2.0;minibusz;114;elsőkerék;4373000
Renault Safrane 2.0 16V;5-ajtós;136;elsőkerék;
Renault Safrane 2.2 TD 12V;5-ajtós;113;elsőkerék;9298300
Renault Safrane 2.5 20V;5-ajtós;165;elsőkerék;11342000
Renault Safrane 3.0 V6;5-ajtós;167;elsőkerék;
Renault Spider 2.0 16V;roadster;150;hátsókerék;
Renault Twingo 1.1;3-ajtós;58;elsőkerék;
Renault Twingo 1.2;3-ajtós;55;elsőkerék;1860000
Rolls-Royce Silver Seraph 5.4;limuzin;240;hátsókerék;
Rover 100 1.1;3-ajtós;60;elsőkerék;
Rover 100 1.1;5-ajtós;60;elsőkerék;
Rover 100 1.4;3-ajtós;75;elsőkerék;
Rover 100 1.4;5-ajtós;75;elsőkerék;
Rover 100 1.4;kabrió;75;elsőkerék;
Rover 200 1.4;3-ajtós;75;elsőkerék;
Rover 200 1.4;5-ajtós;75;elsőkerék;
Rover 200 1.4 16V;3-ajtós;103;elsőkerék;
Rover 200 1.4 16V;5-ajtós;103;elsőkerék;
Rover 200 1.6 16V;3-ajtós;111;elsőkerék;
Rover 200 1.6 16V;5-ajtós;111;elsőkerék;
Rover 200 2.0 SD;3-ajtós;86;elsőkerék;
Rover 200 2.0 SD;5-ajtós;86;elsőkerék;
Rover 400 1.6 16V;limuzin;112;elsőkerék;
Rover 400 1.6 16V;limuzin;112;elsőkerék;
Rover 400 1.6 16V;5-ajtós;111;elsőkerék;
Rover 400 1.6 16V Tourer;kombi;111;elsőkerék;
Rover 400 2.0 16V;limuzin;136;elsőkerék;
Rover 400 2.0 16V;5-ajtós;136;elsőkerék;
Rover 400 2.0 TD (105 LE);limuzin;105;elsőkerék;
Rover 400 2.0 TD (105 LE);5-ajtós;105;elsőkerék;
Rover 400 2.0 TD (86 LE);limuzin;86;elsőkerék;
Rover 400 2.0 TD (86 LE);5-ajtós;86;elsőkerék;
Rover 600 1.8;limuzin;115;elsőkerék;
Rover 600 2.0 16V (131 LE);limuzin;131;elsőkerék;
Rover 600 2.0 Sdi;limuzin;105;elsőkerék;
Rover 600 2.0 16V T;limuzin;200;elsőkerék;
Rover 800 2.0 16V;limuzin;136;elsőkerék;
Rover 800 2.0 16V;5-ajtós;136;elsőkerék;
Rover 800 2.0 16V T;limuzin;200;elsőkerék;
Rover 800 2.0 16V T;5-ajtós;200;elsőkerék;
Rover 800 2.0 16V T;kupé;200;elsőkerék;
Rover 800 2.5 TD;limuzin;121;elsőkerék;
Rover 800 2.5 TD;5-ajtós;121;elsőkerék;
Rover 800 2.5 V6 24V;limuzin;175;elsőkerék;
Rover 800 2.5 V6 24V;5-ajtós;175;elsőkerék;
Rover 800 2.5 V6 24V;kupé;175;elsőkerék;
Rover MGF 1.8i;kabrió;120;hátsókerék;
Rover MGF 1.8i VVC;kabrió;145;hátsókerék;
Rover Mini;3-ajtós;63;elsőkerék;
Rover Mini Cabriolet;kabrió;63;elsőkerék;
Rover Mini Cooper;3-ajtós;63;elsőkerék;
Saab 900 2.0 16V;3-ajtós;131;elsőkerék;4590000
Saab 900 2.0 16V;5-ajtós;131;elsőkerék;4590000
Saab 900 2.0 16V T;3-ajtós;185;elsőkerék;6990000
Saab 900 2.0 16V T;5-ajtós;185;elsőkerék;6990000
Saab 900 2.3 16V;3-ajtós;150;elsőkerék;
Saab 900 2.3 16V;5-ajtós;150;elsőkerék;
Saab 900 2.5 V6 24V;3-ajtós;170;elsőkerék;
Saab 900 2.5 V6 24V;5-ajtós;170;elsőkerék;
Saab 900 2.0 16V;kabrió;131;elsőkerék;
Saab 900 2.0 16V T;kabrió;185;elsőkerék;
Saab 900 2.3 16V;kabrió;150;elsőkerék;
Saab 900 2.5 V6 24V;kabrió;170;elsőkerék;
Saab 9000 2.0 16V;limuzin;131;elsőkerék;6400000
Saab 9000 2.0 16V;5-ajtós;131;elsőkerék;6400000
Saab 9000 2.0 16V T;limuzin;150;elsőkerék;7990000
Saab 9000 2.0 16V T;5-ajtós;150;elsőkerék;7990000
Saab 9000 2.3 16V T (200 LE);limuzin;200;elsőkerék;10490000
Saab 9000 2.3 16V T (200 LE);5-ajtós;200;elsőkerék;10490000
Saab 9000 2.3 16V T (224 LE);limuzin;224;elsőkerék;10490000
Saab 9000 2.3 16V T (224 LE);5-ajtós;224;elsőkerék;10490000
Saab 9000 2.3 16V T (70 LE);limuzin;170;elsőkerék;10490000
Saab 9000 2.3 16V T (70 LE);5-ajtós;170;elsőkerék;10490000
Saab 9000 3.0 V6 24V;limuzin;211;elsőkerék;
Saab 9000 3.0 V6 24V;5-ajtós;211;elsőkerék;
Saab 9-3 2.0 16V;3-ajtós;96;elsőkerék;7770000
Saab 9-3 2.3 16V;3-ajtós;110;elsőkerék;10680000
Saab 9-3 2.0 16V T;3-ajtós;136;elsőkerék;9885000
Saab 9-3 2.2 16V;3-ajtós;85;elsőkerék;8260000
Saab 9-3 2.0 16V;5-ajtós;96;elsőkerék;9505000
Saab 9-3 2.3 16V;5-ajtós;110;elsőkerék;
Saab 9-3 2.0 16V T;5-ajtós;136;elsőkerék;7990000
Saab 9-3 2.2 16V;5-ajtós;85;elsőkerék;7260000
Saab 9-3 2.0 16V;kabrió;96;elsőkerék;7890000
Saab 9-3 2.3 16V;kabrió;110;elsőkerék;
Saab 9-3 2.0 16V T;kabrió;136;elsőkerék;
Saab 9-3 2.2 16V;kabrió;85;elsőkerék;8260000
Saab 9-5 2.0;limuzin;150;elsőkerék;9210000
Saab 9-5 2.3;limuzin;170;elsőkerék;10680000
Saab 9-5 3.0;limuzin;200;elsőkerék;12095000
Seat Alhambra 1.9 TD;minibusz;90;elsőkerék;7909000
Seat Alhambra 2.0;minibusz;116;elsőkerék;6087000
Seat Arosa 1.0;3-ajtós;50;elsőkerék;1813000
Seat Arosa 1.4;3-ajtós;60;elsőkerék;1995000
Seat Cordoba 1.4;limuzin;60;elsőkerék;2453000
Seat Cordoba 1.4.16V;limuzin;101;elsőkerék;2677000
Seat Cordoba 1.6 (101 LE);limuzin;101;elsőkerék;3044000
Seat Cordoba 1.6 (75 LE);limuzin;75;elsőkerék;3044000
Seat Cordoba 1.8;limuzin;90;elsőkerék;
Seat Cordoba 1.9 D;limuzin;64;elsőkerék;3315000
Seat Cordoba 1.9 TD;limuzin;75;elsőkerék;3431000
Seat Cordoba 1.9 TDi;limuzin;90;elsőkerék;3565000
Seat Cordoba 1.9 D;limuzin;64;elsőkerék;3315000
Seat Cordoba 2.0;limuzin;116;elsőkerék;5052000
Seat Cordoba Vario 1.4;kabrió;60;elsőkerék;2584000
Seat Cordoba Vario 1.6;kabrió;75;elsőkerék;2806000
Seat Cordoba Vario 1.6;kabrió;100;elsőkerék;2806000
Seat Cordoba Vario 1.9 Sdi;kabrió;64;elsőkerék;3622000
Seat Cordoba Vario 1.9 Tdi;kabrió;90;elsőkerék;3687000
Seat Cordoba SX 2.0 16V;limuzin;150;elsőkerék;
Seat Cordoba SX;limuzin;116;elsőkerék;
Seat Cordoba SX 1.6;limuzin;101;elsőkerék;3820000
Seat Cordoba SX 1.6;limuzin;75;elsőkerék;3820000
Seat Cordoba SX 1.9 TDi;limuzin;90;elsőkerék;3431000
Seat Ibiza 1.0;3-ajtós;50;elsőkerék;1886000
Seat Ibiza 1.0;5-ajtós;50;elsőkerék;1886000
Seat Ibiza 1.4;3-ajtós;60;elsőkerék;2210000
Seat Ibiza 1.4;5-ajtós;60;elsőkerék;2210000
Seat Ibiza 1.4 16V;3-ajtós;101;elsőkerék;
Seat Ibiza 1.4 16V;5-ajtós;101;elsőkerék;
Seat Ibiza 1.6 (101 LE);3-ajtós;101;elsőkerék;2605000
Seat Ibiza 1.6 (101 LE);5-ajtós;101;elsőkerék;2605000
Seat Ibiza 1.6 (75 LE);3-ajtós;75;elsőkerék;2605000
Seat Ibiza 1.6 (75 LE);5-ajtós;75;elsőkerék;2605000
Seat Ibiza 1.8;3-ajtós;90;elsőkerék;
Seat Ibiza 1.8;5-ajtós;90;elsőkerék;
Seat Ibiza 1.9 D;3-ajtós;64;elsőkerék;3398000
Seat Ibiza 1.9 D;5-ajtós;64;elsőkerék;3398000
Seat Ibiza 1.9 Di;3-ajtós;64;elsőkerék;
Seat Ibiza 1.9 Di;5-ajtós;64;elsőkerék;
Seat Ibiza 1.9 TD;3-ajtós;75;elsőkerék;
Seat Ibiza 1.9 TD;5-ajtós;75;elsőkerék;
Seat Ibiza 1.9 TDI (110 LE);3-ajtós;110;elsőkerék;3398000
Seat Ibiza 1.9 TDI (110 LE);5-ajtós;110;elsőkerék;3398000
Seat Ibiza 1.9 TDI (90 LE);3-ajtós;90;elsőkerék;3398000
Seat Ibiza 1.9 TDI (90 LE);5-ajtós;90;elsőkerék;3398000
Seat Ibiza 2.0;3-ajtós;116;elsőkerék;4842053
Seat Ibiza 2.0;5-ajtós;116;elsőkerék;4842053
Seat Ibiza Cupra;3-ajtós;150;elsőkerék;4912000
Seat Toledo 1.6 (101 LE);5-ajtós;101;elsőkerék;2769000
Seat Toledo 1.6 (75 LE);5-ajtós;75;elsőkerék;2769000
Seat Toledo 1.8;5-ajtós;90;elsőkerék;
Seat Toledo 1.9 D;5-ajtós;64;elsőkerék;
Seat Toledo 1.9 TD;5-ajtós;75;elsőkerék;
Seat Toledo 1.9 TDI (110 LE);5-ajtós;110;elsőkerék;4076000
Seat Toledo 1.9 TDI (90 LE);5-ajtós;90;elsőkerék;4076000
Seat Toledo 2.0;5-ajtós;116;elsőkerék;5141000
Seat Toledo 2.0 16V;5-ajtós;150;elsőkerék;5141000
Skoda Felicia 1.3 (54 LE);5-ajtós;54;elsőkerék;1747000
Skoda Felicia 1.3 (54 LE);kombi;54;elsőkerék;1747000
Skoda Felicia 1.3 (68 LE);5-ajtós;68;elsőkerék;1889000
Skoda Felicia 1.3 (68 LE);kombi;68;elsőkerék;1889000
Skoda Felicia 1.6;5-ajtós;75;elsőkerék;2211000
Skoda Felicia 1.6;kombi;75;elsőkerék;2211000
Skoda Felicia 1.9 D;5-ajtós;64;elsőkerék;2449000
Skoda Felicia 1.9 D;kombi;64;elsőkerék;2449000
Skoda Octavia 1.6 (101 LE);5-ajtós;101;elsőkerék;2708000
Skoda Octavia 1.6 (75 LE);5-ajtós;75;elsőkerék;2708000
Skoda Octavia 1.8 20V;5-ajtós;125;elsőkerék;4565000
Skoda Octavia 1.9 SDi;5-ajtós;68;elsőkerék;
Skoda Octavia 1.9 TDi;5-ajtós;90;elsőkerék;4082000
Swatch Smart;3-ajtós;40;elsőkerék;
TVR Cerbera 130;kupé;350;hátsókerék;
TVR Chimaera 3.9 V8;kabrió;241;hátsókerék;
TVR Chimaera 3.9 V8;kabrió;275;hátsókerék;
TVR Chimaera 5.0 V8;kabrió;340;hátsókerék;
TVR Griffith 500;kabrió;340;hátsókerék;
Volkswagen Caravelle 1.9 TD;minibusz;68;elsőkerék;
Volkswagen Caravelle 2.0;minibusz;84;elsőkerék;
Volkswagen Caravelle 2.4 D;minibusz;78;elsőkerék;
Volkswagen Caravelle 2.5;minibusz;115;elsőkerék;
Volkswagen Caravelle 2.5 TDI;minibusz;102;elsőkerék;
Volkswagen Caravelle Syncro 2.4 D;minibusz;78;4x4;
Volkswagen Caravelle Syncro 2.5;minibusz;115;4x4;
Volkswagen Caravelle VR6;minibusz;140;elsőkerék;
Volkswagen Golf III 1.4;3-ajtós;60;elsőkerék;
Volkswagen Golf III 1.4;5-ajtós;60;elsőkerék;
Volkswagen Golf III 1.6;3-ajtós;75;elsőkerék;
Volkswagen Golf III 1.6;3-ajtós;100;elsőkerék;
Volkswagen Golf III 1.6;5-ajtós;75;elsőkerék;
Volkswagen Golf III 1.6;5-ajtós;100;elsőkerék;
Volkswagen Golf III 1.8;3-ajtós;90;elsőkerék;
Volkswagen Golf III 1.8;5-ajtós;90;elsőkerék;
Volkswagen Golf III 1.8 (75);3-ajtós;75;elsőkerék;
Volkswagen Golf III 1.8 (75);5-ajtós;75;elsőkerék;
Volkswagen Golf III 1.9 D;3-ajtós;64;elsőkerék;
Volkswagen Golf III 1.9 D;5-ajtós;64;elsőkerék;
Volkswagen Golf III 1.9 SDI;3-ajtós;64;elsőkerék;
Volkswagen Golf III 1.9 SDI;5-ajtós;64;elsőkerék;
Volkswagen Golf III 1.9 TD;3-ajtós;75;elsőkerék;
Volkswagen Golf III 1.9 TD;5-ajtós;75;elsőkerék;
Volkswagen Golf III 1.9 TDI;3-ajtós;90;elsőkerék;
Volkswagen Golf III 1.9 TDI;3-ajtós;110;elsőkerék;
Volkswagen Golf III 1.9 TDI;5-ajtós;90;elsőkerék;
Volkswagen Golf III 1.9 TDI;5-ajtós;110;elsőkerék;
Volkswagen Golf III 1.9 TDI;kombi;90;elsőkerék;
Volkswagen Golf III 1.9 TDI;kombi;110;elsőkerék;
Volkswagen Golf III Cabrio 1.6;kabrió;100;elsőkerék;
Volkswagen Golf III Cabrio 1.8;kabrió;90;elsőkerék;
Volkswagen Golf III Cabrio 1.8 (75);kabrió;75;elsőkerék;
Volkswagen Golf III Cabrio 1.9 TDI;kabrió;90;elsőkerék;
Volkswagen Golf III Cabrio 2.0;kabrió;115;elsőkerék;
Volkswagen Golf III GTI;3-ajtós;115;elsőkerék;
Volkswagen Golf III GTI;5-ajtós;115;elsőkerék;
Volkswagen Golf III GTI 16V;3-ajtós;150;elsőkerék;
Volkswagen Golf III GTI 16V;5-ajtós;150;elsőkerék;
Volkswagen Golf III Syncro 1.8;3-ajtós;90;4x4;
Volkswagen Golf III Syncro 1.8;5-ajtós;90;4x4;
Volkswagen Golf III Syncro 1.9 TDI;3-ajtós;90;4x4;
Volkswagen Golf III Syncro 1.9 TDI;5-ajtós;90;4x4;
Volkswagen Golf III Syncro 2.0;3-ajtós;115;4x4;
Volkswagen Golf III Syncro 2.0;5-ajtós;115;4x4;
Volkswagen Golf III Syncro VR6;3-ajtós;190;4x4;
Volkswagen Golf III Syncro VR6;5-ajtós;190;4x4;
Volkswagen Golf III Variant 1.4;kombi;60;elsőkerék;
Volkswagen Golf III Variant 1.6;kombi;100;elsőkerék;
Volkswagen Golf III Variant 1.8 (75);kombi;75;elsőkerék;
Volkswagen Golf III Variant 1.8 (90);kombi;90;elsőkerék;
Volkswagen Golf III Variant 1.9 D;kombi;64;elsőkerék;
Volkswagen Golf III Variant 1.9 TDI;kombi;64;elsőkerék;
Volkswagen Golf III Variant 1.9 TD;kombi;75;elsőkerék;
Volkswagen Golf III Variant 2.0 GT;kombi;115;elsőkerék;
Volkswagen Golf III Variant S. 1.8;kombi;90;4x4;
VW Golf III Variant S. 1.9 TDI;kombi;90;4x4;
VW Golf III Variant S. VR6;kombi;190;4x4;
Volkswagen Golf III VR6;3-ajtós;174;elsőkerék;
Volkswagen Golf III VR6;5-ajtós;174;elsőkerék;
Volkswagen Golf IV 1.4 16V;3-ajtós;75;elsőkerék;2078000
Volkswagen Golf IV 1.6;3-ajtós;101;elsőkerék;3119000
Volkswagen Golf IV 1.8 20V;3-ajtós;125;elsőkerék;
Volkswagen Golf IV 1.8T;3-ajtós;150;elsőkerék;
Volkswagen Golf IV 2.3 V5;3-ajtós;150;elsőkerék;
Volkswagen Golf IV 1.9 SDI;3-ajtós;68;elsőkerék;
Volkswagen Golf IV 1.9 TDI;3-ajtós;90;elsőkerék;4405000
Volkswagen Golf IV 1.9 TDI;3-ajtós;110;elsőkerék;4405000
Volkswagen Golf IV 1.4 16V;5-ajtós;75;elsőkerék;
Volkswagen Golf IV 1.6;5-ajtós;101;elsőkerék;3283000
Volkswagen Golf IV 1.8 20V;5-ajtós;125;elsőkerék;
Volkswagen Golf IV 1.8T;5-ajtós;150;elsőkerék;
Volkswagen Golf IV 2.3 V5;5-ajtós;150;elsőkerék;
Volkswagen Golf IV 1.9 SDI;5-ajtós;68;elsőkerék;
Volkswagen Golf IV 1.9 TDI;5-ajtós;90;elsőkerék;4405000
Volkswagen Golf IV 1.9 TDI;5-ajtós;110;elsőkerék;4405000
Volkswagen New Beetle 2.0;2-ajtós;85;elsőkerék;
Volkswagen New Beetle 1.9 TDI;2-ajtós;66;elsőkerék;
Volkswagen Passat 1.6;limuzin;101;elsőkerék;4513000
Volkswagen Passat 1.8;limuzin;125;elsőkerék;5857000
Volkswagen Passat 1.8 T;limuzin;150;elsőkerék;6525000
Volkswagen Passat 1.9 TDI;limuzin;90;elsőkerék;5410000
Volkswagen Passat 1.9 TDI;limuzin;110;elsőkerék;5410000
Volkswagen Passat Syncro 2.8;limuzin;193;elsőkerék;
VW Passat Syncro Variant 2.8;kombi;193;elsőkerék;
Volkswagen Passat Variant 1.6;kombi;101;elsőkerék;4851000
Volkswagen Passat Variant 1.8;kombi;125;elsőkerék;6240000
Volkswagen Passat Variant 1.8 T;kombi;150;elsőkerék;6696000
Volkswagen Passat Variant 1.9 TDI;kombi;90;elsőkerék;5775000
Volkswagen Passat Variant 1.9 TDI;kombi;110;elsőkerék;5775000
Volkswagen Passat Variant VR5;kombi;150;elsőkerék;
Volkswagen Passat VR5;limuzin;150;elsőkerék;
Volkswagen Polo 100;3-ajtós;101;elsőkerék;2916000
Volkswagen Polo 100;5-ajtós;101;elsőkerék;2916000
Volkswagen Polo 50;3-ajtós;50;elsőkerék;2103000
Volkswagen Polo 50;5-ajtós;50;elsőkerék;2103000
Volkswagen Polo 60 Servo;3-ajtós;60;elsőkerék;2328000
Volkswagen Polo 60 Servo;5-ajtós;60;elsőkerék;2328000
Volkswagen Polo 64 D;3-ajtós;64;elsőkerék;2750000
Volkswagen Polo 64 D;5-ajtós;64;elsőkerék;2450000
Volkswagen Polo 75 Servo;3-ajtós;75;elsőkerék;2416000
Volkswagen Polo 75 Servo;5-ajtós;75;elsőkerék;2416000
Volkswagen Polo Classic 100;limuzin;100;elsőkerék;2916000
Volkswagen Polo Classic 60;limuzin;60;elsőkerék;2532000
Volkswagen Polo Classic 1.9 SDI;limuzin;64;elsőkerék;3445000
Volkswagen Polo Classic 75;limuzin;75;elsőkerék;2514000
Volkswagen Polo 1.9 SDI;5-ajtós;64;elsőkerék;3445000
Volkswagen Polo Variant 60;kombi;60;elsőkerék;2595000
Volkswagen Polo Variant 75;kombi;75;elsőkerék;2675000
Volkswagen Polo Variant 100;kombi;100;elsőkerék;2963000
Volkswagen Polo Variant 1.9 SDI;kombi;64;elsőkerék;3075000
Volkswagen Polo Variant 1.9TDI;kombi;90;elsőkerék;3491000
Volkswagen Sharan 2.0;minibusz;115;elsőkerék;6491000
Volkswagen Sharan 1.9 TDI;minibusz;90;elsőkerék;7196000
Volkswagen Sharan VR6;minibusz;174;elsőkerék;8813000
Volkswagen Sharan Syncro VR6;minibusz;174;elsőkerék;9995000
Volkswagen Sharan 1.9 TDI;minibusz;110;elsőkerék;7196000
Volkswagen Sharan 1.8 T;minibusz;150;elsőkerék;7846000
Volvo C70 2.3 20V T;kupé;239;elsőkerék;13467000
Volvo C70 2.3 20V T;kabrió;239;elsőkerék;13467000
Volvo C70 2.4 20V T;kupé;193;elsőkerék;
Volvo C70 2.4 20V T;kabrió;193;elsőkerék;
Volvo S40 1.6 16V;limuzin;105;elsőkerék;
Volvo S40 1.8 16V;limuzin;116;elsőkerék;4579000
Volvo S40 1.9 TD;limuzin;90;elsőkerék;5635000
Volvo S40 2.0 16V;limuzin;140;elsőkerék;6204000
Volvo V40 1.6 16V;kombi;105;elsőkerék;4879000
Volvo V40 1.8 16V;kombi;116;elsőkerék;6044000
Volvo V40 1.9 TD;kombi;90;elsőkerék;5935000
Volvo V40 2.0 16V;kombi;140;elsőkerék;6504000
Volvo S70 2.0;limuzin;126;elsőkerék;7500000
Volvo S70 2.4;limuzin;144;elsőkerék;
Volvo S70 2.4 20V;limuzin;170;elsőkerék;
Volvo S70 2.0 20V Turbo;limuzin;179;elsőkerék;8700000
Volvo S70 2.4 20V Turbo;limuzin;193;elsőkerék;
Volvo S70 2.0 20V Turbo;limuzin;226;elsőkerék;8700000
Volvo S70 2.3 20V Turbo;limuzin;239;elsőkerék;
Volvo S70 2.5 TD;limuzin;140;elsőkerék;8900000
Volvo V70 2.0;kombi;126;elsőkerék;7900000
Volvo V70 2.4;kombi;144;elsőkerék;
Volvo V70 2.4 20V;kombi;170;elsőkerék;
Volvo V70 2.0 20V Turbo;kombi;179;elsőkerék;9100000
Volvo V70 2.4 20V Turbo;kombi;193;elsőkerék;
Volvo V70 2.0 20V Turbo;kombi;226;elsőkerék;9100000
Volvo V70 2.3 20V Turbo;kombi;239;elsőkerék;
Volvo V70 2.5 TD;kombi;140;elsőkerék;9300000
Volvo S90 2.9 24V;limuzin;184;hátsókerék;
Volvo V90 2.9 24V;kombi;184;hátsókerék;
Volvo S90 2.9 24V;limuzin;204;hátsókerék;
Volvo V90 2.9 24V;kombi;204;hátsókerék;
Volvo S90 Executive;limuzin;204;hátsókerék;
Daewoo Matiz;5-ajtós;52;elsőkerék;
Daihatsu Applause 1.6;limuzin;90;elsőkerék;
Daihatsu Applause 1.6;limuzin;105;elsőkerék;
Daihatsu Cuore;3-ajtós;44;elsőkerék;2230000
Daihatsu Cuore 0.7 12V;3-ajtós;54;elsőkerék;
Daihatsu Cuore 0.7 12V Turbo;3-ajtós;64;elsőkerék;
Daihatsu Cuore 0.7 12V Turbo;3-ajtós;58;elsőkerék;
Daihatsu Gran Move;5-ajtós;90;elsőkerék;3410000
Daihatsu Move;5-ajtós;42;elsőkerék;2460000
Honda Accord 1.8 16V;limuzin;116;elsőkerék;
Honda Accord 2.0 16V;limuzin;131;elsőkerék;5580000
Honda Accord 2.0 16V;kombi;131;elsőkerék;5580000
Honda Accord 2.0 16V;kupé;131;elsőkerék;5580000
Honda Accord 2.0 TDi;limuzin;105;elsőkerék;
Honda Accord 2.2 16V;limuzin;150;elsőkerék;6580000
Honda Accord 2.2 16V;kombi;150;elsőkerék;6580000
Honda Accord 2.2 16V;kombi;150;elsőkerék;6580000
Honda Accord 2.7 V6 24V;limuzin;173;elsőkerék;
Honda Accord Aero Deck 2.0i;kombi;136;elsőkerék;
Honda Accord 2.2i;kupé;150;elsőkerék;
Honda Civic 1.4 16V (90 LE);3-ajtós;90;elsőkerék;2890000
Honda Civic 1.4 16V (90 LE);5-ajtós;90;elsőkerék;2890000
Honda Civic 1.4 16V (90 LE);limuzin;90;elsőkerék;2890000
Honda Civic 1.5 16V;3-ajtós;114;elsőkerék;3630000
Honda Civic 1.5 16V;5-ajtós;114;elsőkerék;3630000
Honda Civic 1.5 16V;limuzin;114;elsőkerék;3630000
Honda Civic 1.6 16V (114 LE);3-ajtós;114;elsőkerék;4060000
Honda Civic 1.6 16V (114 LE);5-ajtós;114;elsőkerék;4060000
Honda Civic 1.6 16V (126 LE);3-ajtós;126;elsőkerék;4060000
Honda Civic 1.6 16V (126 LE);5-ajtós;126;elsőkerék;4060000
Honda Civic Coupe 1.6;kupé;126;elsőkerék;
Honda Civic 1.6 16V (160 LE);3-ajtós;160;elsőkerék;4060000
Honda Civic 1.6 16V (160 LE);limuzin;160;elsőkerék;4060000
Honda Civic Coupe 1.6;kupé;105;elsőkerék;
Honda Civic GX;limuzin;110;elsőkerék;
Honda CRX 1.6 16V (126 LE);kupé;126;elsőkerék;
Honda CRX 1.6 16V (160 LE);kupé;160;elsőkerék;
Honda CR-V;terepjáró;128;4X4;6080000
Honda Legend 3.5 V6 24V;limuzin;205;elsőkerék;10660000
Honda NSX 3.0 V6 24V;kupé;255;hátsókerék;
Honda NSX 3.2 V6 24V;kupé;280;hátsókerék;
Honda Prelude 2.0 16V;kupé;133;elsőkerék;5490000
Honda Prelude 2.2 16V;kupé;185;elsőkerék;6790000
Honda Shuttle 2.2 16V;minibusz;150;elsőkerék;6480000
Hyundai Accent 1.3i (60 LE);5-ajtós;60;elsőkerék;
Hyundai Accent 1.3i (60 LE);limuzin;60;elsőkerék;
Hyundai Accent 1.3i (60 LE);3-ajtós;60;elsőkerék;
Hyundai Accent 1.3i (75 LE);limuzin;75;elsőkerék;
Hyundai Accent 1.3i (75 LE);3-ajtós;75;elsőkerék;
Hyundai Accent 1.3i (75 LE);5-ajtós;75;elsőkerék;
Hyundai Accent 1.5i GT;3-ajtós;99;elsőkerék;
Hyundai Accent 1.5i GT;5-ajtós;99;elsőkerék;
Hyundai Accent 1.3;3-ajtós;84;elsőkerék;
Hyundai Atos 12V;5-ajtós;55;elsőkerék;1980000
Hyundai Coupe 2.0;kupé;139;elsőkerék;
Hyundai Coupe 1.8 16V;kupé;132;elsőkerék;
Hyundai Coupe 1.6 16V;kupé;114;elsőkerék;
Hyundai Lantra 1.6;limuzin;90;elsőkerék;2650000
Hyundai Lantra 1.6;kombi;90;elsőkerék;2650000
Hyundai Lantra 1.6i;limuzin;114;elsőkerék;2650000
Hyundai Lantra 1.6i;kombi;114;elsőkerék;2650000
Hyundai Lantra 1.8i 16V;limuzin;128;elsőkerék;
Hyundai Lantra 2.0;limuzin;139;elsőkerék;5290000
Hyundai Lantra 2.0;kombi;139;elsőkerék;5290000
Hyundai Sonata 2.0 16V;limuzin;125;elsőkerék;4950000
Hyundai Sonata 3.0 V6;limuzin;146;elsőkerék;
Kia Clarus 1.8;limuzin;116;elsőkerék;3499000
Kia Clarus 2.0;limuzin;133;elsőkerék;4499000
Kia Pride 1.3 16V;3-ajtós;64;elsőkerék;
Kia Pride 1.3 16V;5-ajtós;64;elsőkerék;
Kia Pride 1.3 16V;limuzin;64;elsőkerék;
Kia Sephia 1.5 16V;limuzin;80;elsőkerék;1999000
Kia Sephia 1.5 16V;5-ajtós;80;elsőkerék;1999000
Kia Sephia 1.8 16V;limuzin;112;elsőkerék;
Kia Sephia 1.8 16V;5-ajtós;112;elsőkerék;
Kia Sportage 2.0;terepjáró;95;4x4;5699000
Kia Sportage 2.0;terepjáró;95;4x4;5699000
Kia Sportage 2.0 16V;terepjáró;128;4x4;5699000
Kia Sportage 2.0 16V;terepjáró;128;4x4;5699000
Kia Sportage 2.0 TD;terepjáró;83;4x4;5099000
Lexus GS 300 3.0 24V;limuzin;212;hátsókerék;
Lexus GS 300 T3;limuzin;219;hátsókerék;
Lexus LS 400;limuzin;264;hátsókerék;
Lexus LX 450 4.5 24V;terepjáró;215;4x4;
Lexus SC 300i 24V;kupé;230;hátsókerék;
Lexus SC 400i V8 32V;kupé;264;hátsókerék;
Mazda 121 1.2 16V (3a);3-ajtós;75;elsőkerék;
Mazda 121 1.2 16V (5a);5-ajtós;75;elsőkerék;
Mazda 121 1.3 (3a);3-ajtós;50;elsőkerék;1949000
Mazda 121 1.3 (5a);5-ajtós;50;elsőkerék;1949000
Mazda 121 1.8 D (3a);3-ajtós;60;elsőkerék;
Mazda 121 1.8 D (5a);5-ajtós;60;elsőkerék;
Mazda 323 1.3 16V;3-ajtós;73;elsőkerék;
Mazda 323 1.3 16V;5-ajtós;73;elsőkerék;
Mazda 323 1.3 16V;limuzin;73;elsőkerék;
Mazda 323 1.5 16V (125 LE);3-ajtós;125;elsőkerék;2990000
Mazda 323 1.5 16V (125 LE);5-ajtós;125;elsőkerék;2990000
Mazda 323 1.5 16V (125 LE);limuzin;125;elsőkerék;2990000
Mazda 323 1.5 16V (88 LE);3-ajtós;88;elsőkerék;2990000
Mazda 323 1.5 16V (88 LE);5-ajtós;88;elsőkerék;2990000
Mazda 323 1.5 16V (88 LE);limuzin;88;elsőkerék;2990000
Mazda 323 1.8 16V;3-ajtós;116;elsőkerék;
Mazda 323 1.8 16V;5-ajtós;116;elsőkerék;
Mazda 323 1.8 16V;limuzin;116;elsőkerék;
Mazda 323 2.0 D;3-ajtós;71;elsőkerék;
Mazda 323 2.0 D;5-ajtós;71;elsőkerék;
Mazda 323 2.0 D;limuzin;71;elsőkerék;
Mazda 323 2.0 V6 24V;3-ajtós;144;elsőkerék;
Mazda 323 2.0 V6 24V;5-ajtós;144;elsőkerék;
Mazda 323 2.0 V6 24V;limuzin;144;elsőkerék;
Mazda 626 1.8 16V;limuzin;90;elsőkerék;
Mazda 626 1.8 16V;5-ajtós;90;elsőkerék;
Mazda 626 1.8 V6 24V;limuzin;140;elsőkerék;
Mazda 626 1.8 V6 24V;5-ajtós;140;elsőkerék;
Mazda 626 2.0 16V;limuzin;116;elsőkerék;5650000
Mazda 626 2.0 16V;5-ajtós;116;elsőkerék;5650000
Mazda 626 2.0 D;limuzin;75;elsőkerék;5250000
Mazda 626 2.0 D;5-ajtós;75;elsőkerék;5250000
Mazda 626 2.5 V6 24V;limuzin;165;elsőkerék;
Mazda 626 2.5 V6 24V;5-ajtós;165;elsőkerék;
Mazda MPV 2.5 TD;minibusz;116;4x4;
Mazda MPV 3.0 V6 18V;minibusz;148;4x4;
Mazda MX3 1.6 16V;kupé;107;elsőkerék;4508000
Mazda MX3 1.8 V6 24V;kupé;129;elsőkerék;6134000
Mazda MX5 1.6 16V;kabrió;90;hátsókerék;4880000
Mazda MX5 1.8 16V;kabrió;131;hátsókerék;4880000
Mazda MX-6 2.0 16V;kupé;114;elsőkerék;
Mazda RX-7;kupé;255;hátsókerék;
Mazda Xedos 6 1.6 16V;limuzin;107;elsőkerék;4790000
Mazda Xedos 6 2.0 V6 24V;limuzin;144;elsőkerék;7497000
Mazda Xedos 9 2.0 V6 24V;limuzin;143;elsőkerék;7497000
Mazda Xedos 9 2.3 V6 24V;limuzin;211;elsőkerék;
Mazda Xedos 9 2.5 V6 24V;limuzin;167;elsőkerék;9751000
Mitsubishi 3000 GT 3.0 V6 24V;kupé;224;4x4;
Mitsubishi 3000 GT 3.0 V6 24V;kabrió;224;4x4;
Mitsubishi 3000 GT 3.0 V6 24V T;kupé;286;4x4;
Mitsubishi 3000 GT 3.0 V6 24V T;kabrió;286;4x4;
Mitsubishi Carisma 1.6 16V;5-ajtós;90;elsőkerék;3423000
Mitsubishi Carisma 1.6 16V;limuzin;90;elsőkerék;3423000
Mitsubishi Carisma 1.8 16V (116 LE);5-ajtós;116;elsőkerék;4825000
Mitsubishi Carisma 1.8 16V (116 LE);limuzin;116;elsőkerék;4825000
Mitsubishi Carisma 1.8 16V (140 LE);5-ajtós;140;elsőkerék;4825000
Mitsubishi Carisma 1.8 16V (140 LE);limuzin;140;elsőkerék;4825000
Mitsubishi Carisma 1.9 TD;5-ajtós;90;elsőkerék;
Mitsubishi Carisma 1.9 TD;limuzin;90;elsőkerék;
Mitsubishi Colt 1.3;3-ajtós;75;elsőkerék;2524000
Mitsubishi Colt 1.6;3-ajtós;90;elsőkerék;3219000
Mitsubishi Lancer 1.3;5-ajtós;75;elsőkerék;2743000
Mitsubishi Lancer 2.0 D;kombi;88;elsőkerék;
Mitsubishi Eclipse 2.0 16V;kupé;145;elsőkerék;9073000
Mitsubishi Eclipse 2.0 16V T;kupé;213;elsőkerék;9073000
Mitsubishi Eclipse 2.0 16V T;kupé;213;4x4;9073000
Mitsubishi Galant 1.8 16V;limuzin;150;elsőkerék;
Mitsubishi Galant 1.8 16V;kombi;150;elsőkerék;
Mitsubishi Galant 2.0 16V;limuzin;136;elsőkerék;6071000
Mitsubishi Galant 2.0 16V;limuzin;136;4x4;6071000
Mitsubishi Galant 2.0 16V;kombi;136;elsőkerék;6071000
Mitsubishi Galant 2.0 TD;limuzin;90;elsőkerék;5840000
Mitsubishi Galant 2.0 V6 24V;limuzin;145;elsőkerék;8324000
Mitsubishi Galant 2.4 16V;limuzin;143;elsőkerék;
Mitsubishi Galant 2.5 V6 24V;limuzin;163;elsőkerék;8324000
Mitsubishi Galant 2.5 V6 24V;kombi;163;elsőkerék;8324000
Mitsubishi Galant 2.5 V6 24V T;limuzin;280;elsőkerék;8324000
Mitsubishi Galant 2.5 V6 24V T;kombi;280;elsőkerék;8324000
Mitsubishi Pajero 2.4;terepjáró;118;4x4;
Mitsubishi Pajero 2.5 TD;terepjáró;99;4x4;7267000
Mitsubishi Pajero 2.5 TD;terepjáró;99;4x4;7267000
Mitsubishi Pajero 2.8 TD;terepjáró;125;4x4;14481000
Mitsubishi Pajero 2.8 TD;terepjáró;125;4x4;14481000
Mitsubishi Pajero 3.5 V6 24V;terepjáró;194;4x4;15152000
Mitsubishi Pajero 3.5 V6 24V;terepjáró;194;4x4;15152000
Mitsubishi Space Gear;minibusz;115;elsőkerék;6186000
Mitsubishi Space Runner 1.8 16V;minibusz;115;elsőkerék;5610000
Mitsubishi Space Wagon 2.0 16V;minibusz;133;elsőkerék;6448000
Mitsubishi Space Wagon 2.0 TD;minibusz;82;elsőkerék;6448000
Nissan 200 SX 2.0 TD;kupé;200;hátsókerék;
Nissan Almera 1.4 16V;3-ajtós;87;elsőkerék;2295000
Nissan Almera 1.4 16V;5-ajtós;87;elsőkerék;2295000
Nissan Almera 1.4 16V;limuzin;87;elsőkerék;2295000
Nissan Almera 1.6 16V;3-ajtós;99;elsőkerék;3520000
Nissan Almera 1.6 16V;5-ajtós;99;elsőkerék;3520000
Nissan Almera 1.6 16V;limuzin;99;elsőkerék;3520000
Nissan Almera 2.0 16V;3-ajtós;143;elsőkerék;
Nissan Almera 2.0 16V;5-ajtós;143;elsőkerék;
Nissan Almera 2.0 16V;limuzin;143;elsőkerék;
Nissan Almera 2.0 D;3-ajtós;75;elsőkerék;
Nissan Almera 2.0 D;5-ajtós;75;elsőkerék;
Nissan Almera 2.0 D;limuzin;75;elsőkerék;
Nissan Maxima Q 2.0 V6 24V;limuzin;140;elsőkerék;7800000
Nissan Maxima Q 2.5 V6 24V;limuzin;190;elsőkerék;
Nissan Maxima Q 3.0 V6 24V;limuzin;193;elsőkerék;9600000
Nissan Micra 1.0 16V;3-ajtós;55;elsőkerék;1965000
Nissan Micra 1.0 16V;5-ajtós;55;elsőkerék;1965000
Nissan Micra 1.3 16V;3-ajtós;75;elsőkerék;2150000
Nissan Micra 1.3 16V;5-ajtós;75;elsőkerék;2150000
Nissan Patrol 2.8 TD;terepjáró;116;4x4;9990000
Nissan Patrol 2.8 TD;terepjáró;116;4x4;9990000
Nissan Patrol 4.2;terepjáró;175;4x4;
Nissan Patrol 4.2;terepjáró;175;4x4;
Nissan Patrol 4.2 TD;terepjáró;145;4x4;
Nissan Patrol 4.2 TD;terepjáró;145;4x4;
Nissan Primera 1.6 16V;5-ajtós;90;elsőkerék;3475000
Nissan Primera 1.6 16V;limuzin;90;elsőkerék;3475000
Nissan Primera 2.0 16V;5-ajtós;131;elsőkerék;4300000
Nissan Primera 2.0 16V (131 LE);limuzin;131;elsőkerék;4300000
Nissan Primera 2.0 16V (150 LE);5-ajtós;150;elsőkerék;4300000
Nissan Primera 2.0 16V (150 LE);limuzin;150;elsőkerék;4300000
Nissan Primera 2.0 TD;5-ajtós;90;elsőkerék;
Nissan Primera 2.0 TD;limuzin;90;elsőkerék;
Nissan Primera 2.0;5-ajtós;115;elsőkerék;4070000
Nissan Primera 2.0;limuzin;115;elsőkerék;4070000
Nissan Primera Wagon 1.6;kombi;90;elsőkerék;4525000
Nissan Primera Wagon 2.0;kombi;115;elsőkerék;5535000
Nissan Primera Wagon 2.0;kombi;90;elsőkerék;5535000
Nissan Terrano II 2.4 12V;terepjáró;116;4x4;6595000
Nissan Terrano II 2.4 12V;terepjáró;116;4x4;6595000
Nissan Terrano II 2.7 TD;terepjáró;125;4x4;7715000
Nissan Terrano II 2.7 TD;terepjáró;125;4x4;7715000
SsangYong Korando E23;terepjáró;140;4x4;
SsangYong Korando E32;terepjáró;209;4x4;
SsangYong Korando EL;terepjáró;98;4x4;
SsangYong Korando TD EL;terepjáró;129;4x4;
SsangYong Musso EL;terepjáró;100;4x4;
SsangYong Musso E23;terepjáró;140;4x4;
SsangYong Musso E32;terepjáró;220;4x4;
Subaru Impreza 1.6 Boxer;limuzin;90;4x4;4350000
Subaru Impreza 1.6 Boxer;kupé;90;4x4;4350000
Subaru Impreza 1.6 Boxer;kombi;90;4x4;4350000
Subaru Impreza 1.6 Boxer;kombi;90;4x4;4350000
Subaru Impreza 2.0 Boxer;limuzin;116;4x4;5790000
Subaru Impreza 2.0 Boxer;kupé;116;4x4;5790000
Subaru Impreza 2.0 Boxer;kombi;116;4x4;5790000
Subaru Impreza 2.0 Boxer;kombi;116;4x4;5790000
Subaru Impreza 2.0 Boxer T (211 LE);limuzin;211;4x4;8290000
Subaru Impreza 2.0 Boxer T (211 LE);kupé;211;4x4;8290000
Subaru Impreza 2.0 Boxer T (211 LE);kombi;211;4x4;8290000
Subaru Impreza 2.0 Boxer T (211 LE);kombi;211;4x4;8290000
Subaru Impreza 2.0 Boxer T (280 LE);limuzin;280;4x4;8290000
Subaru Impreza 2.0 Boxer T (280 LE);kupé;280;4x4;8290000
Subaru Impreza 2.0 Boxer T (280 LE);kombi;280;4x4;8290000
Subaru Impreza 2.0 Boxer T (280 LE);kombi;280;4x4;8290000
Subaru Justy 1.3;3-ajtós;68;4x4;
Subaru Justy 1.3;5-ajtós;68;4x4;
Subaru Legacy 2.0 16V (116 LE);limuzin;115;4x4;6650000
Subaru Legacy 2.0 16V (150 LE);limuzin;150;4x4;6650000
Subaru Legacy 2.0 16V kombi;kombi;115;4x4;6650000
Subaru Legacy 2.0 16V kombi;kombi;150;4x4;6650000
Subaru Legacy 2.0 16V T;limuzin;280;4x4;6650000
Subaru Legacy 2.0 16V T kombi;kombi;280;4x4;6650000
Subaru Legacy 2.2 16V;limuzin;131;4x4;7440000
Subaru Legacy 2.2 16V kombi;kombi;131;4x4;7440000
Subaru Legacy 2.5 16V;limuzin;150;4x4;9990000
Subaru Legacy 2.5 16V kombi;kombi;150;4x4;9990000
Subaru Vivio 660i;3-ajtós;44;4x4;
Subaru Vivio 660i;3-ajtós;64;4x4;
Subaru Vivio 660 T-top;3-ajtós;44;4x4;
Suzuki Alto 0.7 12V;3-ajtós;53;elsőkerék;
Suzuki Alto 0.7 12V;5-ajtós;53;elsőkerék;
Suzuki Alto 0.7 16V;3-ajtós;64;elsőkerék;
Suzuki Alto 0.7 16V;5-ajtós;64;elsőkerék;
Suzuki Alto 1.0;3-ajtós;54;elsőkerék;
Suzuki Alto 1.0;5-ajtós;54;elsőkerék;
Suzuki Baleno 1.3 16V;3-ajtós;86;elsőkerék;
Suzuki Baleno 1.3 16V;limuzin;86;elsőkerék;
Suzuki Baleno 1.6 16V;3-ajtós;98;elsőkerék;2670000
Suzuki Baleno 1.6 16V;limuzin;98;elsőkerék;2670000
Suzuki Baleno 1.6 16V;kombi;98;elsőkerék;2670000
Suzuki Baleno 1.8 16V;3-ajtós;121;elsőkerék;3790000
Suzuki Baleno 1.8 16V;limuzin;121;elsőkerék;3790000
Suzuki Baleno 1.8 16V;kombi;121;elsőkerék;3790000
Suzuki Samurai 0.7 T;terepjáró;58;4x4;
Suzuki Samurai 1.3;terepjáró;70;4x4;
Suzuki Swift 1.0;3-ajtós;53;elsőkerék;1416000
Suzuki Swift 1.0;5-ajtós;53;elsőkerék;1416000
Suzuki Swift 1.3;3-ajtós;68;elsőkerék;1683000
Suzuki Swift 1.3;5-ajtós;68;elsőkerék;1683000
Suzuki Swift 1.0;limuzin;53;elsőkerék;1416000
Suzuki Swift 1.3;limuzin;68;elsőkerék;1683000
Suzuki Wagon R  0.7;minibusz;61;elsőkerék;2280000
Suzuki Wagon R  1.0 16V;minibusz;69;elsőkerék;2280000
Suzuki Wagon R  1.0 16V T;minibusz;101;elsőkerék;2280000
Suzuki Grand Vitara 2.0 16V;terepjáró;103;4x4;5500000
Suzuki Grand Vitara 2.5 V6;terepjáró;118;4x4;6750000
Suzuki Vitara;terepjáró;97;hátsókerék;
Suzuki Vitara 2.0;terepjáró;132;hátsókerék;5100000
Suzuki Vitara Cabrio;terepjáró;97;hátsókerék;
Suzuki Vitara Cabrio 2.0;terepjáró;132;hátsókerék;
Suzuki Vitara Long;terepjáró;97;hátsókerék;
Suzuki Vitara V6;terepjáró;136;hátsókerék;
Suzuki Vitara 2.0 TD;terepjáró;71;hátsókerék;
Suzuki X-90 1.6 16V;terepjáró;97;hátsókerék;
Tata Mint 1.4;5-ajtós;44;elsőkerék;
Tata Mint 1.4;5-ajtós;40;elsőkerék;
Tata Safari 1.9 TD;terepjáró;66;4x4;
Tata Sierra 1.9 D;terepjáró;50;4x4;
Tata Sierra 1.9 TD;terepjáró;66;4x4;
Toyota Avensis 1.6;limuzin;110;elsőkerék;4190000
Toyota Avensis 1.6;limuzin;100;elsőkerék;4190000
Toyota Avensis 1.8;limuzin;110;elsőkerék;
Toyota Avensis 2.0;limuzin;125;elsőkerék;5350000
Toyota Avensis 2.0;limuzin;90;elsőkerék;5350000
Toyota Avensis 1.6;5-ajtós;110;elsőkerék;4190000
Toyota Avensis 1.6;5-ajtós;100;elsőkerék;4190000
Toyota Avensis 1.8;5-ajtós;110;elsőkerék;
Toyota Avensis 2.0;5-ajtós;125;elsőkerék;5350000
Toyota Avensis 2.0;5-ajtós;90;elsőkerék;5350000
Toyota Avensis 1.6;kombi;110;elsőkerék;4190000
Toyota Avensis 1.6;kombi;100;elsőkerék;4190000
Toyota Avensis 1.8;kombi;110;elsőkerék;
Toyota Avensis 2.0;kombi;125;elsőkerék;5350000
Toyota Avensis 2.0;kombi;90;elsőkerék;5350000
Toyota Camry 2.2;limuzin;131;elsőkerék;8690000
Toyota Camry 3.0 V6;limuzin;190;elsőkerék;10860000
Toyota Celica 1.8 16V;kupé;115;elsőkerék;5290000
Toyota Celica 2.0 16V;kupé;170;elsőkerék;
Toyota Celica 2.0 16V;kabrió;170;elsőkerék;
Toyota Corolla 1.4;3-ajtós;86;elsőkerék;2495000
Toyota Corolla 1.4;5-ajtós;86;elsőkerék;2840000
Toyota Corolla 1.4;limuzin;86;elsőkerék;2495000
Toyota Corolla 1.4;kombi;86;elsőkerék;2495000
Toyota Corolla 1.6;3-ajtós;110;elsőkerék;3200000
Toyota Corolla 1.6;5-ajtós;110;elsőkerék;3200000
Toyota Corolla 1.6;limuzin;110;elsőkerék;3200000
Toyota Corolla 1.6;kombi;110;elsőkerék;3200000
Toyota Corolla 2.0 D;3-ajtós;72;elsőkerék;
Toyota Corolla 2.0 D;5-ajtós;72;elsőkerék;
Toyota Corolla 2.0 D;limuzin;72;elsőkerék;
Toyota Corolla 2.0 D;kombi;72;elsőkerék;
Toyota LandCruiser 2.7 16V;terepjáró;152;4x4;
Toyota LandCruiser 2.7 16V;terepjáró;152;4x4;
Toyota LandCruiser 3.0 TD;terepjáró;125;4x4;
Toyota LandCruiser 3.4 V6 24V;terepjáró;178;4x4;
Toyota LandCruiser 4.2 TD;terepjáró;170;4x4;
Toyota LandCruiser 4.5 24V;terepjáró;205;4x4;
Toyota MR2 2.0 16V;kupé;170;hátsókerék;
Toyota MR2 2.0 16V T;kupé;245;hátsókerék;
Toyota MR2 2.2 16V;kupé;137;hátsókerék;
Toyota Paseo 1.5 16V;kupé;90;elsőkerék;
Toyota Paseo 1.5 16V;kabrió;90;elsőkerék;
Toyota Picnic 2.0 16V;minibusz;128;elsőkerék;
Toyota Rav-4 2.0 16V (129 LE);terepjáró;128;4x4;6179000
Toyota Rav-4 2.0 16V (129 LE);terepjáró;128;4x4;6179000
Toyota Rav-4 2.0 16V (165 LE);terepjáró;165;4x4;6179000
Toyota Starlet 1.3 16V;5-ajtós;75;elsőkerék;
Toyota Starlet 1.3 16V T;3-ajtós;135;elsőkerék;
Toyota Starlet 1.3 16V T;5-ajtós;135;elsőkerék;
Toyota Starlet 1.5 D;3-ajtós;54;elsőkerék;
Toyota Starlet 1.5 D;5-ajtós;54;elsőkerék;
Toyota Supra 3.0 24V;kupé;212;hátsókerék;
Toyota Supra 3.0 24V T;kupé;330;hátsókerék;
Buick Century 3.1 16V;limuzin;162;elsőkerék;
Buick Le Sabre 3.8 V6;limuzin;208;elsőkerék;
Buick Park Avenue 3.8 V6;limuzin;208;elsőkerék;
Buick Park Avenue 3.8 V6 T;limuzin;243;elsőkerék;
Buick Regal 3.8 V6;limuzin;197;elsőkerék;
Buick Regal 3.8 V6 T;limuzin;243;elsőkerék;
Buick Riviera 3.8 V6;kupé;208;elsőkerék;
Buick Riviera 3.8 V6 T;kupé;243;elsőkerék;
Buick Skylark 2.4 16V;kupé;152;elsőkerék;
Buick Skylark 3.1 V6;limuzin;155;elsőkerék;
Buick Skylark 3.1 V6;kupé;155;elsőkerék;
Cadillac Catera 3.0 V6 24V;limuzin;203;hátsókerék;
Cadillac De Ville 4.6 (279 LE);limuzin;279;elsőkerék;
Cadillac De Ville 4.6 (305 LE);limuzin;305;elsőkerék;
Cadillac Eldorado 4.6 (279 LE);kupé;279;elsőkerék;
Cadillac Eldorado 4.6 (305 LE);kupé;305;elsőkerék;
Cadilac Seville 4.6 (279 LE);limuzin;279;elsőkerék;
Cadilac Seville 4.6 (305 LE);limuzin;305;elsőkerék;
Chevrolet Blazer;terepjáró;190;4x4;
Chevrolet Camaro 3.8;kupé;203;hátsókerék;
Chevrolet Camaro 5.7;kabrió;290;hátsókerék;
Chevrolet Corvette;kupé;344;hátsókerék;
Chevrolet Corvette;kabrió;344;hátsókerék;
Chevrolet Trans Sport 3.4;minibusz;213;elsőkerék;
Chrysler Concorde 2.7 V6 24V;limuzin;203;elsőkerék;
Chrysler Concorde 3.2 V6 24V;limuzin;223;elsőkerék;
Chrysler Neon 2.0 16V (133 LE);limuzin;133;elsőkerék;4250000
Chrysler Neon 2.0 16V (133 LE);kupé;133;elsőkerék;4250000
Chrysler Neon 2.0 16V (147 LE);limuzin;147;elsőkerék;4250000
Chrysler Vision  3.5 V6 24V;limuzin;211;elsőkerék;11500000
Chrysler New Yorker 3.5 V6 24V;limuzin;211;elsőkerék;13650000
Chrysler Stratus 2.0 16V;limuzin;131;elsőkerék;5890000
Chrysler Stratus 2.0 16V;kabrió;131;elsőkerék;5890000
Chrysler Stratus 2.4 16V;limuzin;152;elsőkerék;
Chrysler Stratus 2.4 16V;kabrió;152;elsőkerék;
Chrysler Stratus 2.5 V6 24V;limuzin;163;elsőkerék;6490000
Chrysler Stratus 2.5 V6 24V;kabrió;163;elsőkerék;6490000
Chrysler Town & Country 3.3 V6;minibusz;158;elsőkerék;
Chrysler Town & Country 3.3 V6;minibusz;158;elsőkerék;
Chrysler Town & Country 3.8 V6;minibusz;166;elsőkerék;
Chrysler Town & Country 3.8 V6;minibusz;166;elsőkerék;
Chrysler Viper GTS 8.0 V10;kupé;455;hátsókerék;27000000
Chrysler Viper GTS 8.0 V10;kabrió;455;hátsókerék;27000000
Chrysler Voyager 2.0 16V;minibusz;133;elsőkerék;6790000
Chrysler Voyager 2.4 16V;minibusz;150;elsőkerék;7890000
Chrysler Voyager 2.5 TD;minibusz;116;elsőkerék;9290000
Chrysler Voyager 2.5 TD;minibusz;116;elsőkerék;9290000
Chrysler Voyager 3.3 V6;minibusz;158;elsőkerék;11790000
Chrysler Voyager 3.8 V6;minibusz;166;4x4;12990000
Dodge Caravan 2.4 16V;minibusz;152;elsőkerék;
Dodge Caravan 3.3 V6;minibusz;158;elsőkerék;
Dodge Caravan 3.8 V6;minibusz;166;elsőkerék;
Dodge Intrepid 2.7;limuzin;203;elsőkerék;
Dodge Intrepid 3.2;limuzin;223;elsőkerék;
Dodge Neon 2.0i 16V;limuzin;132;elsőkerék;
Dodge Neon 2.0i 16V;limuzin;147;elsőkerék;
Dodge Neon 2.0i 16V;kupé;132;elsőkerék;
Dodge Neon 2.0i 16V;kupé;147;elsőkerék;
Dodge Stratus 2.0 16V;limuzin;131;elsőkerék;
Dodge Stratus 2.0 16V;kabrió;131;elsőkerék;
Dodge Stratus 2.4 16V;limuzin;152;elsőkerék;
Dodge Stratus 2.4 16V;kabrió;152;elsőkerék;
Dodge Stratus 2.5 V6 24V;limuzin;163;elsőkerék;
Dodge Stratus 2.5 V6 24V;kabrió;163;elsőkerék;
Dodge Viper;kupé;394;hátsókerék;
Dodge Viper GTS 8.0 V10;kabrió;455;hátsókerék;
Ford Aerostar 3.0 V6;minibusz;141;hátsókerék;
Ford Aerostar 3.0 V6;minibusz;141;hátsókerék;
Ford Aerostar 4.0 V6;minibusz;154;hátsókerék;
Ford Aerostar 4.0 V6;minibusz;154;hátsókerék;
Ford Aspire 1.3;3-ajtós;64;elsőkerék;
Ford Contour 2.0 16V;limuzin;126;elsőkerék;
Ford Contour 2.5 V6 24V;limuzin;173;elsőkerék;
Ford Crown Victoria;limuzin;193;hátsókerék;
Ford Crown Victoria;limuzin;213;hátsókerék;
Ford Escort (USA) 2.0;limuzin;111;elsőkerék;
Ford Escort (USA) 2.0;kombi;111;elsőkerék;
Ford Escort (USA) ZX 2 2.0 16V;kupé;132;elsőkerék;
Ford Explorer 4.0 V6 (162 LE);terepjáró;162;4x4;8499000
Ford Explorer 4.0 V6 (162 LE);terepjáró;162;4x4;8499000
Ford Explorer 4.0 V6 (208 LE);terepjáró;208;4x4;8499000
Ford Explorer 4.0 V6 (208 LE);terepjáró;208;4x4;8499000
Ford Explorer 4.9 V8;terepjáró;213;4x4;
Ford Mustang 3.8 V6;kupé;152;hátsókerék;
Ford Mustang 3.8 V6;kabrió;152;hátsókerék;
Ford Mustang 4.6 V8;kupé;218;hátsókerék;
Ford Mustang 4.6 V8;kabrió;218;hátsókerék;
Ford Mustang 4.6 V8 32V;kupé;309;hátsókerék;
Ford Mustang 4.6 V8 32V;kabrió;309;hátsókerék;
Ford Probe (USA) 2.0 16V;kupé;120;elsőkerék;
Ford Probe (USA) 2.5  V6 24V;kupé;166;elsőkerék;
Ford Taurus 3.0 V6;limuzin;147;elsőkerék;
Ford Taurus 3.0 V6;kombi;147;elsőkerék;
Ford Taurus 3.0 V6;kombi;203;elsőkerék;
Ford Taurus 3.0 V6 24V;limuzin;203;elsőkerék;
Ford Taurus 3.4 V8 32V;limuzin;225;elsőkerék;
Ford Thunderbird 3.8 V6;kupé;147;hátsókerék;
Ford Thunderbird 4.6 V8;kupé;208;hátsókerék;
Ford Windstar 3.0 V6;minibusz;152;elsőkerék;
Ford Windstar 3.8 V6;minibusz;203;elsőkerék;
Hummer V8 6.5 D;terepjáró;170;4x4;
Hummer V8 6.5TD;terepjáró;195;4x4;
Jeep Cherokee 2.5;terepjáró;126;hátsókerék;6750000
Jeep Cherokee 2.5 TD;terepjáró;116;hátsókerék;7250000
Jeep Cherokee 4.0;terepjáró;193;hátsókerék;8250000
Jeep Grand Cherokee 2.5 TD;terepjáró;116;4x4;12350000
Jeep Grand Cherokee 4.0;terepjáró;184;4x4;12550000
Jeep Grand Cherokee 5.2 V8;terepjáró;212;4x4;15750000
Jeep Wrangler 2.5;terepjáró;118;4x4;6250000
Jeep Wrangler 4.0;terepjáró;177;4x4;6850000
Lincoln Continental 4.6 V8 32V;limuzin;264;elsőkerék;
Lincoln Mark VIII 4.6 (284 LE);kupé;280;hátsókerék;
Lincoln Mark VIII 4.6 (294 LE);kupé;290;hátsókerék;
Lincoln Town Car 4.6 V8;limuzin;210;hátsókerék;
Lincoln Town Car 4.6 V8;limuzin;190;hátsókerék;
Mercury Cougar 2.0 16V;kupé;131;elsőkerék;
Mercury Cougar 2.5 V6;kupé;170;elsőkerék;
Mercury Grand Marquis 4.6 V8;limuzin;190;hátsókerék;
Mercury Grand Marquis 4.6 V8;limuzin;210;hátsókerék;
Mercury Mountainer 4.9 V8;terepjáró;210;hátsókerék;
Mercury Mountainer 4.9 V8;terepjáró;210;4x4;
Mercury Mystique 2.0 16V;limuzin;126;elsőkerék;
Mercury Mystique 2.5 V6 24V;limuzin;173;elsőkerék;
Mercury Sable 3.0 V6;limuzin;145;elsőkerék;
Mercury Sable 3.0 V6;kombi;145;elsőkerék;
Mercury Sable 3.0 V6 24V;limuzin;200;elsőkerék;
Mercury Sable 3.0 V6 24V;kombi;200;elsőkerék;
Mercury Tracer 2.0;limuzin;111;elsőkerék;
Mercury Tracer 2.0;kombi;111;elsőkerék;
Mercury Villager 3.0;minibusz;151;elsőkerék;
Oldsmobile Achieva 2.4 16V;limuzin;150;elsőkerék;
Oldsmobile Achieva 2.4 16V;kupé;150;elsőkerék;
Oldsmobile Achieva 3.1 V6;limuzin;158;elsőkerék;
Oldsmobile Aurora 4.0 V8 32V;limuzin;253;elsőkerék;
Oldsmobile Bravada;terepjáró;190;4x4;
Oldsmobile Cutlass 3.1 V6;limuzin;156;elsőkerék;
Oldsmobile Cutlass Supreme;limuzin;162;elsőkerék;
Oldsmobile Cutlass Supreme 3.4;kupé;218;elsőkerék;
Oldsmobile Cutlass Supreme C;kupé;162;elsőkerék;
Oldsmobile Eighty-Eight 3.8;limuzin;208;elsőkerék;
Oldsmobile Eighty-Eight 3.8 T;limuzin;243;elsőkerék;
Oldsmobile Regency 3.8 V6;limuzin;208;elsőkerék;
Oldsmobile Silhouette 3.4 V6;minibusz;182;elsőkerék;
Oldsmobile Silhouette 3.4 V6;minibusz;182;elsőkerék;
Pontiac Bonneville 3.8 V6;limuzin;208;elsőkerék;
Pontiac Bonneville 3.8 V6 T;limuzin;243;elsőkerék;
Pontiac Firebird 3.8 V6;kupé;196;hátsókerék;
Pontiac Firebird 3.8 V6;kabrió;196;hátsókerék;
Pontiac Firebird 5.7 V8;kupé;269;hátsókerék;
Pontiac Firebird 5.7 V8;kabrió;269;hátsókerék;
Pontiac Firebird 5.7 V8;kabrió;288;hátsókerék;
Pontiac Grand Am 2.4 16V;limuzin;152;elsőkerék;
Pontiac Grand Am 2.4 16V;kupé;152;elsőkerék;
Pontiac Grand Am 3.1 V6;limuzin;158;elsőkerék;
Pontiac Grand Am 3.1 V6;kupé;158;elsőkerék;
Pontiac Grand Prix 3.1 V6;limuzin;162;elsőkerék;
Pontiac Grand Prix 3.1 V6;kupé;162;elsőkerék;
Pontiac Grand Prix 3.8 V6;limuzin;208;elsőkerék;
Pontiac Grand Prix 3.8 V6;kupé;208;elsőkerék;
Pontiac Grand Prix 3.8 V6 T;limuzin;240;elsőkerék;
Pontiac Grand Prix 3.8 V6 T;kupé;240;elsőkerék;
Pontiac Sunfire 2.2;limuzin;122;elsőkerék;
Pontiac Sunfire 2.2;kupé;122;elsőkerék;
Pontiac Sunfire 2.2;kabrió;122;elsőkerék;
Pontiac Sunfire 2.4 16V;limuzin;152;elsőkerék;
Pontiac Sunfire 2.4 16V;kupé;150;elsőkerék;
Pontiac Sunfire 2.4 16V;kabrió;150;elsőkerék;
Pontiac Trans Sport 3.4 V6;minibusz;180;elsőkerék;
Saturn SC 1.9;kupé;101;elsőkerék;
Saturn SC 1.9 16V;kupé;126;elsőkerék;
Saturn SL 1.9;limuzin;101;elsőkerék;
Saturn SL 1.9 16V;limuzin;126;elsőkerék;
Saturn SW 1.9;kombi;101;elsőkerék;
Saturn SW 1.9 16V;kombi;126;elsőkerék;
